"recipient_uei","IHE","recipient_name","recipient_name_raw","recipient_parent_name","recipient_parent_uei","recipient_city_name","recipient_state_code","prime_award_base_transaction_description","total_obligated_amount","period_of_performance_start_date","period_of_performance_end_date","period_of_performance_potential_end_date","primary_place_of_performance_country_name","generated_unique_award_id","award_type"
"NMJHD63STRC5","","UNIVERSITY OF GEORGIA RESEARCH FOUNDATION, INC.","UNIVERSITY OF GEORGIA RESEARCH FOUNDATION, INC.",NA,NA,"ATHENS","GA","PEANUT RESEARCH INNOVATION LAB (PRIL)",22500000,"2018-01-10","2028-01-10",NA,"GHANA","ASST_NON_7200AA18CA00003_7200","COOPERATIVE AGREEMENT (B)"
"YRXVL4JYCEF5","","PURDUE UNIVERSITY","PURDUE UNIVERSITY","PURDUE UNIVERSITY","YRXVL4JYCEF5","WEST LAFAYETTE","IN","THE UNITED STATES AGENCY FOR INTERNATIONAL DEVELOPMENT (USAID), THROUGH THE CENTER FOR DEVELOPMENT RESEARCH (CDR) IN THE U.S. GLOBAL DEVELOPMENT LAB (LAB) PLANS TO INVEST IN A FIVE-YEAR COOPERATIVE AGREEMENT WITH A HIGHER EDUCATION INSTITUTION (HEI)  TO SUPPORT A PROJECT ENTITLED LONG-TERM  ASSISTANCE AND SERVICES FOR RESEARCH  (LASER). THIS COOPERATIVE AGREEMENT AIMS TO SUPPORT THE DISCOVERY AND UPTAKE OF UNIVERSITY-SOURCED, EVIDENCE-BASED SOLUTIONS TO DEVELOPMENT CHALLENGES.",57282000,"2018-08-01","2028-07-31",NA,"UNITED STATES","ASST_NON_7200AA18CA00009_7200","COOPERATIVE AGREEMENT (B)"
"NTXJM52SHKS7","","MISSISSIPPI STATE UNIVERSITY","MISSISSIPPI STATE UNIVERSITY","MISSISSIPPI STATE UNIVERSITY","NTXJM52SHKS7","MISSISSIPPI STATE","MS","TO ADD FUNDING IN THE AMOUNT OF $2M FOR THE NEW FEED THE FUTURE INNOVATION LAB FOR FISH",19811931,"2018-08-23","2028-09-12",NA,"BANGLADESH","ASST_NON_7200AA18CA00030_7200","COOPERATIVE AGREEMENT (B)"
"FPU6XGFXMBE9","","UNIVERSITY OF NOTRE DAME DU LAC","UNIVERSITY OF NOTRE DAME DU LAC","UNIVERSITY OF NOTRE DAME DU LAC","KKBMKNFZ5PJ4","NOTRE DAME","IN","BROAD AGENCY ANNOUNCEMENT (BAA) UNDER THE MEDIA LITERACY FOR NEW DIGITAL ARRIVALS",4792898,"2018-09-27","2025-09-30",NA,"UNITED STATES","ASST_NON_7200AA18CA00059_7200","COOPERATIVE AGREEMENT (B)"
"D3LHU66KBLD5","","UNIVERSITY OF NORTH CAROLINA AT CHAPEL HILL","UNIVERSITY OF NORTH CAROLINA AT CHAPEL HILL","THE UNIVERSITY OF NORTH CAROLINA","N8DMK1K4C2K5","CHAPEL HILL","NC","TB DATA, IMPACT ASSESSMENT AND COMMUNICATIONS HUB (TB DIAH)",35548519,"2018-09-24","2025-03-23",NA,"BANGLADESH","ASST_NON_7200AA18LA00007_7200","COOPERATIVE AGREEMENT (B)"
"D3LHU66KBLD5","","UNIVERSITY OF NORTH CAROLINA AT CHAPEL HILL","UNIVERSITY OF NORTH CAROLINA AT CHAPEL HILL","THE UNIVERSITY OF NORTH CAROLINA","N8DMK1K4C2K5","CHAPEL HILL","NC","DATA FOR IMPACT",54870392,"2018-09-21","2025-03-31",NA,"UNITED STATES","ASST_NON_7200AA18LA00008_7200","COOPERATIVE AGREEMENT (B)"
"R28EKN92ZTZ9","","MICHIGAN STATE UNIVERSITY","MICHIGAN STATE UNIVERSITY","MICHIGAN STATE UNIVERSITY","VJKZC4D1JN36","EAST LANSING","MI","FEED THE FUTURE INNOVATION LAB FOR LEGUMES SYSTEMS RESEARCH",21520262,"2018-08-23","2028-08-22",NA,"UNITED STATES","ASST_NON_7200AA18LE00003_7200","COOPERATIVE AGREEMENT (B)"
"FTMTDMBR29C7","","THE JOHNS HOPKINS UNIVERSITY","JOHNS HOPKINS UNIVERSITY, THE","THE JOHNS HOPKINS UNIVERSITY","FTMTDMBR29C7","BALTIMORE","MD","UNDER THE GOAL OF THIS APS, TO IMPROVE HEALTH AND DEVELOPMENT OUTCOMES, AND THE SPECIFIC PURPOSE OF IMPROVING AND STRENGTHENING PROGRAMS AND SERVICES BY SUPPORTING INCREASED UTILIZATION OF EVIDENCE-BASED INFORMATION IN GLOBAL HEALTH PROGRAMMING, ROUND 1 FOCUSED PARTICULARLY ON SUPPORTING INCREASED UTILIZATION OF EVIDENCE-BASED INFORMATION IN INFORMED AND VOLUNTARY FP/RH PROGRAMMING, AS WELL AS KM CAPACITY BUILDING IN FIELD PROGRAMMING.",29012707,"2019-02-14","2025-08-13",NA,"UNITED STATES","ASST_NON_7200AA19CA00001_7200","COOPERATIVE AGREEMENT (B)"
"TX2DAGQPENZ5","","UNIVERSITY OF CALIFORNIA, DAVIS","UNIVERSITY OF CALIFORNIA, DAVIS","STATE OF CALIFORNIA CONTROLLERS OFFICE","NUDGYLBB4S99","DAVIS","CA","ONE HEALTH WORKFORCE - NEXT GENERATION (OHW-NG)",57601341,"2019-10-01","2025-09-30",NA,"THAILAND","ASST_NON_7200AA19CA00018_7200","COOPERATIVE AGREEMENT (B)"
"R28EKN92ZTZ9","","MICHIGAN STATE UNIVERSITY","MICHIGAN STATE UNIVERSITY","MICHIGAN STATE UNIVERSITY","VJKZC4D1JN36","EAST LANSING","MI","FEED THE FUTURE INNOVATION LAB FOR FOOD SECURITY POLICY, RESEARCH, CAPACITY, AND INFLUENCE (IL-FSPRCI)",17925820,"2019-05-15","2026-05-14",NA,"UNITED STATES","ASST_NON_7200AA19LE00001_7200","COOPERATIVE AGREEMENT (B)"
"YRXVL4JYCEF5","","PURDUE UNIVERSITY","PURDUE UNIVERSITY","PURDUE UNIVERSITY","YRXVL4JYCEF5","WEST LAFAYETTE","IN","THE FOOD SAFETY INNOVATION LAB WILL CONDUCT RESEARCH ON FOOD SAFETY TO REDUCE RISK ASSOCIATED WITH PATHOGENS, TOXINS, PESTICIDE AND OTHER MICROBIAL AND CHEMICAL CONTAMINANTS IN THE FOOD SUPPLY.",13558213,"2019-06-25","2029-06-24",NA,"UNITED STATES","ASST_NON_7200AA19LE00003_7200","COOPERATIVE AGREEMENT (B)"
"TX2DAGQPENZ5","","UNIVERSITY OF CALIFORNIA, DAVIS","UNIVERSITY OF CALIFORNIA, DAVIS","STATE OF CALIFORNIA CONTROLLERS OFFICE","NUDGYLBB4S99","DAVIS","CA","FEED THE FUTURE INNOVATION LAB FOR MARKETS, RISK, AND RESILIENCE",22589939,"2019-07-15","2025-07-14",NA,"UNITED STATES","ASST_NON_7200AA19LE00004_7200","COOPERATIVE AGREEMENT (B)"
"G56PUALJ3KT5","","CORNELL UNIVERSITY","CORNELL UNIVERSITY, INC","CORNELL UNIVERSITY","EQA8NBEN9WD5","ITHACA","NY","THE FEED THE FUTURE INNOVATION LAB CROP IMPROVEMENT WILL BE ENABLE THE DEVELOPMENT OF GLOBAL PORTFOLIO OF CROP IMPROVEMENT RESEARCH-FOR-DEVELOPMENT ACTIVITIES.",27297347,"2019-09-25","2029-09-24",NA,"UNITED STATES","ASST_NON_7200AA19LE00005_7200","COOPERATIVE AGREEMENT (B)"
"NTLHJXM55KZ6","","ARIZONA STATE UNIVERSITY","ARIZONA STATE UNIVERSITY","ARIZONA STATE UNIVERSITY","HX59VKHQH1V7","TEMPE","AZ","CENTER FOR APPLIED RESEARCH AND INNOVATION IN SUPPLY CHAIN-AFRICA (CARISCA) UNDER EXISTING SCIENCE, TECHNOLOGY, INNOVATION, AND PARTNERSHIP ANNUAL",14252340,"2020-06-04","2026-06-03",NA,"GHANA","ASST_NON_7200AA20CA00010_7200","COOPERATIVE AGREEMENT (B)"
"CTLVX9M7AMR4","","OLD DOMINION UNIVERSITY","EASTERN VIRGINIA MEDICAL SCHOOL","OLD DOMINION UNIVERSITY","CTLVX9M7AMR4","NORFOLK","VA","TO PROVIDE SUPPORT FOR ""FAMILY PLANNING AND REPRODUCTIVE HEALTH METHODS TO ADDRESS UNMET NEEDS""",18625000,"2020-03-23","2026-07-22",NA,"UNITED STATES","ASST_NON_7200AA20CA00019_7200","COOPERATIVE AGREEMENT (B)"
"XRJSGX384TD6","","WASHINGTON STATE UNIVERSITY","WASHINGTON STATE UNIVERSITY","WASHINGTON STATE UNIVERSITY","XRJSGX384TD6","PULLMAN","WA","THE PURPOSE OF THE FEED THE FUTURE ANIMAL HEALTH INNOVATION LAB IS TO IMPROVE PROACTIVE RISK REDUCTION AND MITIGATION FOR LIVESTOCK DISEASE THROUGH FURTHERING THE DEVELOPMENT OF FIELD DIAGNOSTIC TESTS, NEW OR IMPROVED VACCINES OR PHARMACEUTICALS FOR ONE OF FOLLOWING LIVESTOCK DISEASES: EAST COAST FEVER, TRYPANOSOMIASIS, CONTAGIOUS BOVINE PLEUROPNEUMONIA OR CONTAGIOUS CAPRINE PLEUROPNEUMONIA",5700000,"2020-08-05","2025-08-04",NA,"UNITED STATES","ASST_NON_7200AA20CA00022_7200","COOPERATIVE AGREEMENT (B)"
"FPU6XGFXMBE9","","UNIVERSITY OF NOTRE DAME DU LAC","UNIVERSITY OF NOTRE DAME DU LAC","UNIVERSITY OF NOTRE DAME DU LAC","KKBMKNFZ5PJ4","NOTRE DAME","IN","SUPPORTING HOLISTIC AND ACTIONABLE RESEARCH IN EDUCATION (SHARE)",30969368,"2020-08-04","2027-08-03",NA,"UNITED STATES","ASST_NON_7200AA20CA00025_7200","COOPERATIVE AGREEMENT (B)"
"CTLVX9M7AMR4","","OLD DOMINION UNIVERSITY","EASTERN VIRGINIA MEDICAL SCHOOL","OLD DOMINION UNIVERSITY","CTLVX9M7AMR4","NORFOLK","VA","THE PRIMARY PURPOSE OF THE PROPOSED PROGRAM IS TO TRANSFER FUNDS TO ACCOMPLISH A PUBLIC PURPOSE OF SUPPORT OR STIMULATION OF THE HIV PREVENTION PRODUCTS TARGETED FOR ADOLESCENT GIRLS AND YOUNG WOMEN IN LOW AND MIDDLE INCOME COUNTRIES.",8179463,"2020-09-22","2025-09-21",NA,"UNITED STATES","ASST_NON_7200AA20CA00030_7200","COOPERATIVE AGREEMENT (B)"
"C1F5LNUF7W86","","TRUSTEES OF TUFTS COLLEGE","TRUSTEES OF TUFTS COLLEGE","TRUSTEES OF TUFTS COLLEGE","WL9FLBRVPJJ7","BOSTON","MA","GOAL: TO ENHANCE THE CAPACITY OF LOCAL, NATIONAL AND REGIONAL INSTITUTIONS TO UNDERSTAND THE SPILLOVER ECOSYSTEM (SE) AND TO USE EXISTING AND NEW EVIDENCE TO ADVANCE, DEPLOY, AND ASSESS INTERVENTIONS TO REDUCE THE SPILLOVER OF EMERGING ZOONOTIC VIRUSES AT HIGH-RISK ANIMAL-HUMAN INTERFACES WHILE REDUCING AMPLIFICATION AND SPREAD.",31159947,"2020-10-01","2025-09-30",NA,"VIETNAM","ASST_NON_7200AA20CA00032_7200","COOPERATIVE AGREEMENT (B)"
"FTMTDMBR29C7","","THE JOHNS HOPKINS UNIVERSITY","JOHNS HOPKINS UNIVERSITY, THE","THE JOHNS HOPKINS UNIVERSITY","FTMTDMBR29C7","BALTIMORE","MD","RESEARCH TO STUDY HOW TO IMPROVE UPON ""REHABILITATION AND ASSISTIVE TECHNOLOGY (AT""",25703230,"2020-09-25","2025-09-24",NA,"UNITED STATES","ASST_NON_7200AA20CA00033_7200","COOPERATIVE AGREEMENT (B)"
"FTMTDMBR29C7","","THE JOHNS HOPKINS UNIVERSITY","JOHNS HOPKINS UNIVERSITY, THE","THE JOHNS HOPKINS UNIVERSITY","FTMTDMBR29C7","BALTIMORE","MD","TESTING A SCALABLE MODEL OF THE CHOLERA HOSPITAL-BASED INTERVENTION",1500000,"2020-06-08","2026-06-07",NA,"BANGLADESH","ASST_NON_7200AA20FA00016_7200","COOPERATIVE AGREEMENT (B)"
"CJDNG9D14MW7","","UNIVERSITY OF RHODE ISLAND","UNIVERSITY OF RHODE ISLAND","UNIVERSITY OF RHODE ISLAND","NFS9RNJVPMC7","KINGSTON","RI","THE PURPOSE OF THE WOMEN SHELLFISHERS AND FOOD SECURITY RESEARCH ACTIVITY IS TO BUILD THE KNOWLEDGE BASE ON THE CROSS-SECTORAL BENEFITS OF PROMOTING WOMEN SHELLFISH HARVESTERS AS ENVIRONMENTAL STEWARDS OF COASTAL FISHERIES AND MANGROVES ACROSS COASTAL WEST AFRICA. THE ACTIVITY WILL GENERATE PEER-REVIEWED DATA ON THE BENEFITS FOR HOUSEHOLD FOOD SECURITY, FAMILY NUTRITION (IN PARTICULAR REDUCING ANEMIA IN WOMEN OF REPRODUCTIVE AGE), AND THE PROTECTION OF KEY SERVICES PROVIDED BY MANGROVE AND COASTAL ECOSYSTEMS.",3191001,"2020-09-15","2025-12-14",NA,"UNITED STATES","ASST_NON_7200AA20FA00031_7200","PROJECT GRANT (B)"
"E2NYLCDML6V1","","MASSACHUSETTS INSTITUTE OF TECHNOLOGY","MASSACHUSETTS INSTITUTE OF TECHNOLOGY","MASSACHUSETTS INSTITUTE OF TECHNOLOGY","E2NYLCDML6V1","CAMBRIDGE","MA","BUILDING RESEARCH AND INNOVATION FOR DEVELOPMENT, GENERATING EVIDENCE, AND TRAINING (BRIDGE-TRAIN) UNDER EXISTING SCIENCE, TECHNOLOGY, INNOVATION, AND PARTNERSHIP ANNUAL PROGRAM STATEMENT APS NO.: 7200AA18APS00003",10252562,"2021-06-10","2026-06-09",NA,"GUATEMALA","ASST_NON_7200AA21CA00009_7200","COOPERATIVE AGREEMENT (B)"
"FL6GV84CKN57","","YALE UNIV","YALE UNIVERSITY","YALE UNIV","FL6GV84CKN57","NEW HAVEN","CT","BRINGING RESEARCH TO IMPACT FOR DEVELOPMENT, GLOBAL ENGAGEMENT, AND UTILIZATION (BRIDGE-U) UNDER EXISTING SCIENCE, TECHNOLOGY, INNOVATION, AND PARTNERSHIP ANNUAL PROGRAM STATEMENT APS NO.: 7200AA18APS00003",12980000,"2021-06-11","2026-06-10",NA,"LIBERIA","ASST_NON_7200AA21CA00010_7200","COOPERATIVE AGREEMENT (B)"
"DYZNJGLTHMR9","","HOWARD UNIVERSITY","HOWARD UNIVERSITY (INC)","HOWARD UNIVERSITY","DYZNJGLTHMR9","WASHINGTON","DC","USAID WILL PROVIDE 15 FELLOWSHIPS TO OUTSTANDING CANDIDATES FROM UNDERREPRESENTED RACIAL AND ETHNIC GROUPS,   HISTORICALLY MARGINALIZED POPULATIONS AND THOSE FROM SOCIOECONOMICALLY DISADVANTAGED BACKGROUNDS IN THE   UNITED STATES, AND WHO HAVE AN INTEREST IN PURSUING A FOREIGN SERVICE CAREER WITH USAID. THE RECIPIENT SHALL   PROVIDE FUNDING TO ASSIST THESE STUDENTS TOWARD COMPLETING A FULL-TIME TWO-YEAR GRADUATE DEGREE IN ACADEMIC   DISCIPLINES REPRESENTING THE SKILL NEEDS OF USAID, AS WELL AS PROVIDING PROFESSIONAL DEVELOPMENT ACTIVITIES   THROUGH ORIENTATION, SKILLS DEVELOPMENT ACTIVITIES, MENTORSHIP AND SUPPORT FOR SUMMER ROTATIONS/DETAILS IN   WASHINGTON D.C. AND OVERSEAS  AT A USAID MISSION.",9035283,"2021-09-30","2026-09-30",NA,"UNITED STATES","ASST_NON_7200AA21CA00016_7200","COOPERATIVE AGREEMENT (B)"
"R28EKN92ZTZ9","","MICHIGAN STATE UNIVERSITY","MICHIGAN STATE UNIVERSITY","MICHIGAN STATE UNIVERSITY","VJKZC4D1JN36","EAST LANSING","MI","THIS ACTIVITY WILL ENGAGE IN AFRICA (ETHIOPIA AND NIGERIA) AND SOUTHEAST ASIA (BANGLADESH AND INDONESIA) TO ADVANCE BLIGHT-RESISTANT POTATO VARIETIES THROUGH THE PRODUCT LIFE CYCLE. THE ACTIVITY WILL ALSO IMPROVE THE CAPACITY OF PARTNER-COUNTRY RESEARCHERS AND MARKET SYSTEMS TO DEVELOP AND DISSEMINATE BIOTECHNOLOGY PRODUCTS THAT ADDRESS FOOD SECURITY CHALLENGES -¿ ULTIMATELY ENHANCING THE PRODUCTIVITY, RESILIENCE, AND NUTRITION OF SMALLHOLDERS.",11512672,"2021-09-24","2026-09-23",NA,"UNITED STATES","ASST_NON_7200AA21CA00018_7200","COOPERATIVE AGREEMENT (B)"
"Y8CWNJRCNN91","","UNIVERSITY OF ILLINOIS","UNIVERSITY OF ILLINOIS","UNIVERSITY OF ILLINOIS","Y8CWNJRCNN91","URBANA","IL","I2I 2.0 TECHNOLOGY DEVELOPMENT PLATFORM UNDER THE FEED THE FUTURE SOYBEAN VALUE CHAIN RESEARCH LEADER   AWARD",4000000,"2021-09-20","2026-09-29",NA,"UNITED STATES","ASST_NON_7200AA21CA00019_7200","COOPERATIVE AGREEMENT (B)"
"G56PUALJ3KT5","","CORNELL UNIVERSITY","CORNELL UNIVERSITY","CORNELL UNIVERSITY","EQA8NBEN9WD5","ITHACA","NY","FEED THE FUTURE INSECT-RESISTANT EGGPLANT PARTNERSHIP",5696421,"2021-09-30","2026-09-29",NA,"UNITED STATES","ASST_NON_7200AA21CA00022_7200","COOPERATIVE AGREEMENT (B)"
"XRJSGX384TD6","","WASHINGTON STATE UNIVERSITY","WASHINGTON STATE UNIVERSITY","WASHINGTON STATE UNIVERSITY","XRJSGX384TD6","PULLMAN","WA","THROUGH THE NEW DEEP VZN PROJECT, THE U.S. AGENCY FOR INTERNATIONAL DEVELOPMENT (USAID) SEEKS TO ASSIST A   LIMITED NUMBER OF COUNTRIES, WITH A FOCUS ON AFRICA, ASIA, AND LATIN AMERICA, TO ESTABLISH CAPACITY TO DETECT,   CHARACTERIZE, AND DISSEMINATE INFORMATION AND FINDINGS REGARDING PREVIOUSLY UNKNOWN VIRUSES THAT HAVE   ORIGINATED IN WILDLIFE.  THE DEEP VZN ACTIVITIES WILL GENERATE INFORMATION THAT CAN BE USED BY OTHER PARTNERS TO   APPROPRIATELY ADDRESS GENDER IN THE DEVELOPMENT OF TOOLS AND STRATEGIES AND IN THE RECOMMENDATIONS FOR ANY   EVIDENCE-BASED VIRAL ZOONOSES RISK MITIGATION.",11532810,"2021-10-01","2026-09-30",NA,"UNITED STATES","ASST_NON_7200AA21CA00033_7200","COOPERATIVE AGREEMENT (B)"
"LN53LCFJFL45","","PRESIDENT AND FELLOWS OF HARVARD COLLEGE","PRESIDENT AND FELLOWS OF HARVARD COLLEGE","PRESIDENT AND FELLOWS OF HARVARD COLLEGE","ML98SNHE8XL1","CAMBRIDGE","MA","FIXED AMOUNT UNDER APS9-6812  ""KARTU PRAKERJA: EVALUATING INDONESIA'S JOBS TRAINING AND CASH  TRANSFER PROGRAM""",1382140,"2021-08-18","2025-08-17",NA,"INDONESIA","ASST_NON_7200AA21FA00005_7200","PROJECT GRANT (B)"
"F4N1QNPB95M4","","THE TRUSTEES OF COLUMBIA UNIVERSITY IN THE CITY OF NEW YORK","TRUSTEES OF COLUMBIA UNIVERSITY IN THE CITY OF NEW YORK, THE","THE TRUSTEES OF COLUMBIA UNIVERSITY IN THE CITY OF NEW YORK","F4N1QNPB95M4","NEW YORK","NY","NOLKUP: AN APP TO ACCESS LOW ARSENIC WATER IN BANGLADESH",200000,"2021-08-24","2025-08-23",NA,"BANGLADESH","ASST_NON_7200AA21FA00010_7200","COOPERATIVE AGREEMENT (B)"
"FL6GV84CKN57","","YALE UNIV","YALE UNIVERSITY","YALE UNIV","FL6GV84CKN57","NEW HAVEN","CT","PAYDASH: IMPROVING LAST-MILE ACCESS TO INFORMATION ON SOCIAL PROGRAM DELIVERY",635000,"2021-08-02","2025-08-01",NA,"INDIA","ASST_NON_7200AA21FA00014_7200","PROJECT GRANT (B)"
"FL6GV84CKN57","","YALE UNIV","YALE UNIVERSITY","YALE UNIV","FL6GV84CKN57","NEW HAVEN","CT","EVALUATING THE LIVELY MINDS EARLY CHILDHOOD CARE AND EDUCATION PROGRAM IN GHANA.",1500000,"2021-09-03","2025-09-02",NA,"GHANA","ASST_NON_7200AA21FA00016_7200","PROJECT GRANT (B)"
"CFMMM5JM7HJ9","","KANSAS STATE UNIVERSITY","KANSAS STATE UNIVERSITY","KANSAS STATE UNIVERSITY","NJN6EFNKVKT4","MANHATTAN","KS","THE GOAL OF THIS INITIATIVE IS TO CREATE REGIONAL INNOVATION HUBS IN THE FEED THE FUTURE TARGET AND RESILIENCE FOCUS   COUNTRIES THAT WILL FOSTER PRIVATE SECTOR INNOVATION, AGRICULTURAL RESEARCH, EDUCATION, EXTENSION AND TRAINING, AND   PUBLIC-SECTOR CAPACITY BUILDING THROUGH IMPROVED COLLABORATION, COMMUNICATION AND KNOWLEDGE SHARING ON ASPECTS   RELATED TO CLIMATE SMART AGRICULTURE (CSA) AND FOOD AND NUTRITIONAL SECURITY IN THE VARIOUS REGIONS.",4341184,"2021-09-24","2026-09-23",NA,"UNITED STATES","ASST_NON_7200AA21LA00005_7200","COOPERATIVE AGREEMENT (B)"
"C1F5LNUF7W86","","TRUSTEES OF TUFTS COLLEGE","TRUSTEES OF TUFTS COLLEGE","TRUSTEES OF TUFTS COLLEGE","WL9FLBRVPJJ7","BOSTON","MA","FEED THE FUTURE FOOD SYSTEMS FOR NUTRITION INNOVATION LAB",16450230,"2021-09-10","2026-09-09",NA,"UNITED STATES","ASST_NON_7200AA21LE00001_7200","COOPERATIVE AGREEMENT (B)"
"TX2DAGQPENZ5","","UNIVERSITY OF CALIFORNIA, DAVIS","UNIVERSITY OF CALIFORNIA, DAVIS","STATE OF CALIFORNIA CONTROLLERS OFFICE","NUDGYLBB4S99","DAVIS","CA","FEED THE FUTURE INNOVATION LAB FOR HORTICULTURE",13453000,"2021-09-30","2026-09-29",NA,"UNITED STATES","ASST_NON_7200AA21LE00003_7200","COOPERATIVE AGREEMENT (B)"
"NPM2J7MSCF61","","THE PENNSYLVANIA STATE UNIVERSITY","PENNSYLVANIA STATE UNIVERSITY, THE","THE PENNSYLVANIA STATE UNIVERSITY","NPM2J7MSCF61","UNIVERSITY PARK","PA","FEED THE FUTURE INNOVATION LAB FOR CURRENT AND EMERGING THREATS TO CROPS.",15081250,"2021-09-30","2026-09-29",NA,"UNITED STATES","ASST_NON_7200AA21LE00005_7200","COOPERATIVE AGREEMENT (B)"
"UYTTZT6G9DT1","","UNIVERSITY OF CALIFORNIA, SAN DIEGO","UNIVERSITY OF CALIFORNIA, SAN DIEGO","STATE OF CALIFORNIA CONTROLLERS OFFICE","NUDGYLBB4S99","LA JOLLA","CA","TO ADDRESS THREE PRIMARY AREAS OF FOCUS: 1) EVIDENCE GENERATION; 2) MEASUREMENT, MONITORING AND ADAPTIVE   MANAGEMENT; AND 3) RESEARCH UTILIZATION",24399546,"2022-03-02","2027-03-01",NA,"UNITED STATES","ASST_NON_7200AA22CA00003_7200","COOPERATIVE AGREEMENT (B)"
"KBYBVDNFHC36","","KENNESAW STATE UNIVERSITY","KENNESAW STATE UNIVERSITY","BOARD OF REGENTS OF THE UNIVERSITY SYSTEM OF GEORGIA","SMV4HJLNJLP3","KENNESAW","GA","HOPE FOR A BETTER FUTURE: BUILDING COLLABORATIVE RESILIENCE FOR YOUTH IN LIBERIA - BAA FOR LLDI, ADDENDUM 1: NEW AWARD",1999627,"2022-07-08","2027-07-07",NA,"LIBERIA","ASST_NON_7200AA22CA00004_7200","COOPERATIVE AGREEMENT (B)"
"FTMTDMBR29C7","","THE JOHNS HOPKINS UNIVERSITY","JOHNS HOPKINS UNIVERSITY, THE","THE JOHNS HOPKINS UNIVERSITY","FTMTDMBR29C7","BALTIMORE","MD","THE PROJECT WILL DEVELOP EFFECTIVE NEW TOOLS AND APPROACHES TO FIND, TREAT AND PREVENT TB, AS WELL AS TESTING NOVEL   STRATEGIES FOR IMPLEMENTING THE DELIVERY OF NEW DRUGS AND DIAGNOSTIC PRODUCTS IN REAL-WORLD, LOW RESOURCE SETTINGS.",57250000,"2022-08-01","2027-07-31",NA,"UNITED STATES","ASST_NON_7200AA22CA00005_7200","COOPERATIVE AGREEMENT (B)"
"NNFQH1JAPEP3","","UNIVERSITY OF FLORIDA","UNIVERSITY OF FLORIDA","BOARD OF GOVERNERS STATE UNIVERSITY SYSTEM OF FLORIDA","D4GCCCMXR1H3","GAINESVILLE","FL","MOTOMEDS: PROVIDING ESSENTIAL NIGHTTIME HEALTHCARE TO CHILDREN",199646,"2022-06-16","2025-06-15",NA,"GHANA","ASST_NON_7200AA22FA00011_7200","PROJECT GRANT (B)"
"TF2CMKY1HMX9","","GEORGETOWN UNIVERSITY","GEORGETOWN UNIVERSITY","THE GEORGETOWN UNIVERSITY","ZFHYYLPJW7Q1","WASHINGTON","DC","NEW FAA TO GEORGETOWN UNIVERSITY - SUPPORTING TEACHER ACHIEVEMENT IN RWANDAN SCHOOLS (STARS)",1510000,"2022-08-25","2025-08-24",NA,"RWANDA","ASST_NON_7200AA22FA00018_7200","PROJECT GRANT (B)"
"FL6GV84CKN57","","YALE UNIV","YALE UNIVERSITY","YALE UNIV","FL6GV84CKN57","NEW HAVEN","CT","A TOUGH CALL: IMPACTS OF MOBILE TECHNOLOGY ON WORK, GENDER GAPS, AND NORMS",600000,"2022-09-16","2025-09-15",NA,"INDIA","ASST_NON_7200AA22FA00027_7200","PROJECT GRANT (B)"
"LN53LCFJFL45","","PRESIDENT AND FELLOWS OF HARVARD COLLEGE","PRESIDENT AND FELLOWS OF HARVARD COLLEGE",NA,NA,"CAMBRIDGE","MA","BUILDING LOCAL STATE CAPACITY: EVIDENCE FROM TECHNOLOGY INVESTMENTS IN GHANA",871178,"2022-09-01","2025-08-31",NA,"GHANA","ASST_NON_7200AA22FA00039_7200","PROJECT GRANT (B)"
"Y8CWNJRCNN91","","UNIVERSITY OF ILLINOIS","UNIVERSITY OF ILLINOIS","UNIVERSITY OF ILLINOIS","V2PHZ2CSCH63","URBANA","IL","THE PURPOSE OF THE NEW SOYBEAN VALUE CHAIN RESEARCH (SVCR) INNOVATION LAB (IL) IS TO FACILITATE THE   DEVELOPMENT AND DISSEMINATION OF EVIDENCE-BASED TECHNOLOGIES AND PRACTICES FOR WIDESPREAD ADOPTION AND BUILD   THE CAPACITY OF PUBLIC-PRIVATE PARTNERS ACROSS SOY MARKET SYSTEMS IN SUB-SAHARAN AFRICA (SSA). SOYBEAN   PRODUCED BY AFRICAN COUNTRIES IS 1% OF THE TOTAL WORLD PRODUCTION AND THE DOMESTIC NEED FOR FOOD AND FEED IS MET   BY IMPORTING OVER FOUR MILLION METRIC TONS (MT) OF SOYBEAN GRAIN AND ITS PRODUCTS. SOYBEAN GRAIN YIELD (AROUND 1   MT/HA) IS 39% LOWER THAN WORLD AVERAGE AND 68% LOWER THAN THAT OF THE USA. CONSTRAINTS THAT  CONTRIBUTE TO SUCH LOW YIELDS ARE A) BIOTIC AND ABIOTIC STRESSES, B) NARROW GERMPLASM ADAPTED TO TROPICAL   ENVIRONMENTS, C) LIMITED ACCESS TO QUALITY SEEDS FOR FARMERS INCLUDING FINANCING, D) INADEQUATE AGRONOMIC   PRACTICES, E) ABSENCE OF SMALL-SCALE FARM MECHANIZATION, AND F) INADEQUATE MARKET LINKAGES.    KEY RESULTS OR OUTCOMES EXPECTED ARE: A) SOY BREEDING PROGRAMS OF NATIONAL AGRICULTURE RESEARCH SYSTEMS   (NARS) AND CGIAR IN SSA MODERNIZED AND USE NEW TOOLS AND METHODS TO RESOLVE BIOTIC AND ABIOTIC STRESSES, B)   IMPROVED SOYBEAN VARIETIES WITH ENHANCED GRAIN YIELD (GENETIC GAIN) DEVELOPED AND DEPLOYED, C) IMPROVED SOY   MANAGEMENT PRACTICES DEVELOPED AND INPUT BUNDLING FOR DIFFERENT PRODUCTION SYSTEMS GENERATED, D) AFFORDABLE   SMALL-SCALE FARM MECHANIZATION, E) ENHANCED SOY UTILIZATION FOR FOOD AND FEED, F) ECONOMIC IMPACT OF SOYBEAN   KNOWN FOR SELECTED FTF COUNTRIES, AND G) SOY PUBLIC-PRIVATE RESEARCH FOR DEVELOPMENT (R4D) NETWORKS   STRENGTHENED.     THIS PROGRAM IS DESIGNED TO IDENTIFY AND LAUNCH A NEW FEED THE FUTURE INNOVATION LAB FOCUSED ON SOYBEAN   VALUE CHAIN RESEARCH AND CAPACITY DEVELOPMENT AT THE SMALLHOLDER AND FOOD-FEED SYSTEMS LEVELS.    (1) AWARD STRUCTURE  THE FEED THE FUTURE INNOVATION LAB FOR SOYBEAN VALUE CHAIN RESEARCH (FTFIL SVCR) WILL BE A FIVE-YEAR LEADER   WITH ASSOCIATES COOPERATIVE AGREEMENT, AWARDED TO A U.S. UNIVERSITY TO DEVELOP A SUB-SAHARAN AFRICA (SSA)    PORTFOLIO OF SOY RESEARCH-FOR-DEVELOPMENT (R4D) ACTIVITIES AND SCALE TECHNOLOGIES THROUGH EFFECTIVE PUBLIC-PRIVATE   PARTNERSHIPS. THE AWARD'S TOTAL ESTIMATED AMOUNT (TEA) ALLOWS A MAXIMUM AWARD CEILING OF $30,000,000,   STRUCTURED AS FOLLOWS:  A $10,000,000 LEADER AWARD WILL SUPPORT THE SUCCESSFUL US UNIVERSITY APPLICANT TO ACT AS THE MANAGEMENT ENTITY   (ME) OF THE SVCR INNOVATION LAB. IN THIS CAPACITY, THE AWARDEE'S PRIMARY RESPONSIBILITY SHALL BE TO DEVELOP,   SELECT, AND MANAGE A PORTFOLIO OF SOYBEAN VALUE CHAIN RESEARCH AND CAPACITY-DEVELOPMENT ACTIVITIES. THE LEADER   AWARD IS INTENDED TO SUPPORT MANAGEMENT ENTITY (ME) COSTS ASSOCIATED WITH MANAGING AND IMPLEMENTING THE   PORTFOLIO OF SVCR INNOVATION LAB ACTIVITIES, WITH A MAJORITY OF LEADER AWARD FUNDS TO BE ALLOCATED TO SUB-AWARDED   RESEARCH AND CAPACITY DEVELOPMENT ACTIVITIES. THESE SUB-AWARDS MAY INCLUDE A MIX OF COMPETITIVELY PROCURED   ACTIVITIES AND COMMISSIONED (I.E. NON-COMPETED) ACTIVITIES. SOME FUNDS MAY ALSO BE RESERVED BY THE ME TO   FACILITATE RESEARCH, TRAINING, WORKSHOPS, CONFERENCES, AND MEETINGS FOR THE PURPOSE OF PROFESSIONAL DEVELOPMENT   OF STUDENTS AND RESEARCHERS ASSOCIATED WITH THE INNOVATION LAB.  $20,000,000 OF POTENTIAL ADDITIONAL FUNDING MAY BE AWARDED NONCOMPETITIVELY BY USAID FIELD MISSIONS OR OTHER   OFFICES, TO SUPPORT ADDITIONAL ACTIVITIES THAT FALL WITHIN THE TECHNICAL SCOPE OF THE AWARD. THIS MAY INCLUDE:  A MAXIMUM OF $10,000,000 IN POTENTIAL ASSOCIATE AWARDS  A MAXIMUM OF $10,000,000 IN POTENTIAL BUY-INS  (2) PROGRAM",6300000,"2022-08-15","2027-08-14",NA,"UNITED STATES","ASST_NON_7200AA22LE00003_7200","COOPERATIVE AGREEMENT (B)"
"D3LHU66KBLD5","","UNIVERSITY OF NORTH CAROLINA AT CHAPEL HILL","UNIVERSITY OF NORTH CAROLINA AT CHAPEL HILL","UNIVERSITY OF NORTH CAROLINA AT CHAPEL HILL","D3LHU66KBLD5","CHAPEL HILL","NC","THE PURPOSE OF THIS ACTIVITY IS TO STRENGTHEN EFFECTIVE GENERATION AND USE OF HIGH-QUALITY DATA AND EVIDENCE TO   STRENGTHEN POLICIES AND PROGRAM IMPLEMENTATION IN LOW- AND MIDDLE-INCOME COUNTRIES. GH PEARL HAS BEEN   DESIGNED TO SERVE AS A RESOURCE FOR MONITORING, EVALUATION, RESEARCH AND LEARNING (MERL) RELATED TO IMPROVEMENTS   IN THE QUALITY, COVERAGE AND EQUITY OF FAMILY PLANNING (FP) AND REPRODUCTIVE, MATERNAL, NEWBORN, CHILD HEALTH AND   NUTRITION (RMNCH+N) INTERVENTIONS.",24746242,"2023-10-01","2028-09-30",NA,"UNITED STATES","ASST_NON_7200AA23CA00023_7200","COOPERATIVE AGREEMENT (B)"
"NTLHJXM55KZ6","","ARIZONA STATE UNIVERSITY","ARIZONA STATE UNIVERSITY","ARIZONA STATE UNIVERSITY",NA,"TEMPE","AZ","YOUNG AFRICAN LEADERS INITIATIVE (YALI) LEGACY AND LOCALIZATION ACTIVITY",10000000,"2023-09-22","2028-09-21",NA,"UNITED STATES","ASST_NON_7200AA23CA00024_7200","COOPERATIVE AGREEMENT (B)"
"R28EKN92ZTZ9","","MICHIGAN STATE UNIVERSITY","MICHIGAN STATE UNIVERSITY","MICHIGAN STATE UNIVERSITY","VJKZC4D1JN36","EAST LANSING","MI","TESTING A COMBINED SIT/IIT APPROACH TO CONTROL MOSQUITO-BORNE DISEASES AT SCALE",1500000,"2023-10-01","2026-09-30",NA,"MEXICO","ASST_NON_7200AA23FA00021_7200","PROJECT GRANT (B)"
"NNFQH1JAPEP3","","UNIVERSITY OF FLORIDA","UNIVERSITY OF FLORIDA","BOARD OF GOVERNERS STATE UNIVERSITY SYSTEM OF FLORIDA","D4GCCCMXR1H3","GAINESVILLE","FL","BRUCELLOSIS CONTROL STRATEGIES MUST BE OPTIMIZED FOR THE TARGET CONTEXT. HOWEVER, THERE IS A DEARTH OF DATA ON THE   BIOLOGICAL, ECOLOGICAL, SOCIAL, AND CULTURAL FACTORS THAT INFLUENCE BRUCELLOSIS' SPREAD IN SUB-SAHARAN AFRICA. THERE ARE   ALSO GAPS IN UNDERSTANDING THE LEVERAGE POINTS TO INFLUENCE INDIVIDUALS, COMMUNITIES, AND NATIONAL SYSTEMS TO   ENACT MEASURES TO IMPROVE THE CONTROL OF DISEASE. THE KEY OBJECTIVE OF THIS ACTIVITY IS TO DEVELOP QUANTITATIVE AND   QUALITATIVE TOOLS SUCH AS EPIDEMIOLOGICAL MODELS AND SOCIAL AND BEHAVIOR CHANGE RESEARCH TO INFORM THE DESIGN OF   EVIDENCE- AND RISK-BASED CONTROL MEASURES. THIS EVIDENCE WILL ALSO COMPLEMENT FUTURE TECHNICAL INNOVATIONS SUCH   AS IMPROVED VACCINES, DIAGNOSTICS, AND TREATMENTS.",1998942,"2023-10-03","2026-10-02",NA,"KENYA","ASST_NON_7200AA23LA00003_7200","COOPERATIVE AGREEMENT (B)"
"CFMMM5JM7HJ9","","KANSAS STATE UNIVERSITY","KANSAS STATE UNIVERSITY","KANSAS STATE UNIVERSITY",NA,"MANHATTAN","KS","THIS INNOVATION LAB WILL FOCUS ON FIVE CEREAL CROPS (WHEAT, RICE, MAIZE, SORGHUM AND MILLETS) TO  DISCOVER   GENES/MARKERS CONTROLLING ADAPTATION TO CLIMATE RESILIENCE, VALIDATE AND DEPLOY THEM IN ELITE BREEDING MATERIALS.   THE AIM IS TO PROVIDE A PIPELINE OF CLIMATE ADAPTED TRAITS TO BREEDING NETWORKS IN FEED THE FUTURE COUNTRIES THAT   LEADS TO THE DEVELOPMENT OF IMPROVED VARIETIES, INCREASED PRODUCTIVITY AND FOOD SECURITY.",8800115,"2023-09-30","2028-09-29",NA,"UNITED STATES","ASST_NON_7200AA23LE00003_7200","PROJECT GRANT (B)"
"HTQ6K6NJFHA6","","BOARD OF REGENTS OF THE UNIVERSITY OF NEBRASKA","BOARD OF REGENTS OF THE UNIVERSITY OF NEBRASKA","BOARD OF REGENTS OF UNIVERSITY OF NEBRASKA","LF77GRM3FWG5","LINCOLN","NE","GENERATE RESEARCH-BASED EVIDENCE TO SUPPORT THE GROWTH OF VIBRANT IRRIGATION AND MECHANIZATION MARKETS, DEVELOP STRONG INSTITUTIONS AND LOCAL CAPACITY FOR THEIR SUSTAINABILITY, AND FOSTER OPPORTUNITIES FOR EQUITABLE ACCESS, ESPECIALLY AMONG POOR AND WOMEN SMALLHOLDER FARMERS.",7667011,"2023-09-22","2028-09-21",NA,"UNITED STATES","ASST_NON_7200AA23LE00005_7200","COOPERATIVE AGREEMENT (B)"
"L54FLKJM2MN4","","UNIVERSITY OF TENNESSEE","UNIVERSITY OF TENNESSEE","BOARD OF REGENTS TENNESSEE","JBG7T7RXQ2B7","KNOXVILLE","TN","USAID F2F PROGRAM PROVIDES HIGHLY-QUALIFIED VOLUNTEER TECHNICAL ASSISTANCE IN TARGET COUNTRIES TO ADDRESS   AGRICULTURAL SECTOR CONSTRAINTS AND OPPORTUNITIES.",2503561,"2023-10-01","2028-09-29",NA,"UNITED STATES","ASST_NON_7200AA23LE00011_7200","COOPERATIVE AGREEMENT (B)"
"NTLHJXM55KZ6","","ARIZONA STATE UNIVERSITY","ARIZONA STATE UNIVERSITY","ARIZONA STATE UNIVERSITY",NA,"TEMPE","AZ","THE PURPOSE OF THIS COOPERATIVE AGREEMENT IS TO PROVIDE SUPPORT FOR THE PROGRAM DESCRIBED IN ATTACHMENT   B TO THIS COOPERATIVE AGREEMENT ENTITLED ""PROGRAM DESCRIPTION."" THIS AWARD WILL CONTRIBUTE TO THE GLOBAL   OPEN MAPPING ECOSYSTEM. SPECIFICALLY, THE AWARD WILL INCREASE ACCESS TO GEOSPATIAL DATA RELEVANT TO USAID   AND ITS PARTNER COUNTRIES BY BUILDING THE CAPACITY OF YOUTH TO CREATE AND WORK WITH THIS DATA. PROGRAM   ACTIVITIES WILL SUBSTANTIVELY ENGAGE LOCAL PARTNERS FOCUSED ON POSITIVE YOUTH DEVELOPMENT (PYD) TO CREATE   AND ANALYZE OPEN GEOSPATIAL DATA.",1800000,"2024-10-01","2029-09-30",NA,"UNITED STATES","ASST_NON_7200AA24CA00014_7200","COOPERATIVE AGREEMENT (B)"
"GTNBNWXJ12D5","","VANDERBILT UNIVERSITY","VANDERBILT UNIVERSITY","THE VANDERBILT UNIVERSITY",NA,"NASHVILLE","TN","DEMOCRACY INDICATORS MONITORING SURVEY",3485000,"2024-09-30","2029-09-29",NA,"UNITED STATES","ASST_NON_7200AA24CA00018_7200","COOPERATIVE AGREEMENT (B)"
"GS3YEVSS12N6","","REGENTS OF THE UNIVERSITY OF CALIFORNIA, THE","REGENTS OF THE UNIVERSITY OF CALIFORNIA, THE",NA,NA,"BERKELEY","CA","TESTING A BUDGETING INTERVENTION TO ADDRESS SEASONAL HUNGER",550000,"2024-08-27","2027-08-26",NA,"MALAWI","ASST_NON_7200AA24FA00010_7200","PROJECT GRANT (B)"
"GTNBNWXJ12D5","","VANDERBILT UNIVERSITY","VANDERBILT UNIVERSITY","THE VANDERBILT UNIVERSITY",NA,"NASHVILLE","TN","EXPERIMENTAL EVIDENCE ON PUBLIC-PRIVATE PARTNERSHIPS IN EDUCATION",525000,"2024-09-03","2027-09-02",NA,"COLOMBIA","ASST_NON_7200AA24FA00012_7200","PROJECT GRANT (B)"
"FL6GV84CKN57","","YALE UNIV","YALE UNIV","YALE UNIV","FL6GV84CKN57","NEW HAVEN","CT","WISE INDIA: WOMEN'S INITIATIVE FOR SOCIOECONOMIC EMPOWERMENT",1279000,"2024-09-03","2027-09-02",NA,"INDIA","ASST_NON_7200AA24FA00016_7200","PROJECT GRANT (B)"
"C1F5LNUF7W86","","TRUSTEES OF TUFTS COLLEGE","TRUSTEES OF TUFTS COLLEGE","TRUSTEES OF TUFTS COLLEGE","C1F5LNUF7W86","BOSTON","MA","EVALUATING THE IMPACT OF RAINWATER HARVESTING TECHNOLOGY AT SCALE",950000,"2024-09-01","2027-08-31",NA,"NIGER","ASST_NON_7200AA24FA00019_7200","PROJECT GRANT (B)"
"LN53LCFJFL45","","PRESIDENT AND FELLOWS OF HARVARD COLLEGE","PRESIDENT AND FELLOWS OF HARVARD COLLEGE",NA,NA,"CAMBRIDGE","MA","EVALUATING A SOCIAL PROTECTION PROGRAM TO REDUCE POVERTY",1500000,"2024-09-10","2027-09-09",NA,"INDONESIA","ASST_NON_7200AA24FA00026_7200","PROJECT GRANT (B)"
"G56PUALJ3KT5","","CORNELL UNIVERSITY","CORNELL UNIVERSITY","CORNELL UNIVERSITY",NA,"ITHACA","NY","THIS FIVE-YEAR ASSOCIATE AWARD USES THE FEED THE FUTURE INNOVATION LAB FOR CROP IMPROVEMENT LEADER AWARD   (LWA) AWARDED TO CORNELL UNIVERSITY. SPECIFICALLY, THE PURPOSE OF THIS ASSOCIATE AWARD IS TO HELP USAID   ACHIEVE FEED THE FUTURE OBJECTIVES BY IMPROVING EXISTING GLOBAL BREEDING EFFICIENCY AND EFFECTIVENESS BY   UPGRADING THE PERFORMANCE OF KEY NATIONAL COFFEE RESEARCH PROGRAMS.",1000000,"2024-10-01","2029-09-30",NA,"UNITED STATES","ASST_NON_7200AA24LA00003_7200","COOPERATIVE AGREEMENT (B)"
"GS3YEVSS12N6","","REGENTS OF THE UNIVERSITY OF CALIFORNIA, THE","REGENTS OF THE UNIVERSITY OF CALIFORNIA, THE",NA,NA,"BERKELEY","CA","THE OBJECTIVE OF THIS COOPERATIVE AGREEMENT IS TO SUPPORT THE RECIPIENT TO ADDRESS MULTIPLE GAPS WITHIN   USAID AS WELL AS IN THE BROADER EVIDENCE ECOSYSTEM.",5473238,"2024-09-13","2029-09-12",NA,"UNITED STATES","ASST_NON_7200AA24LE00002_7200","COOPERATIVE AGREEMENT (B)"
"XRJSGX384TD6","","WASHINGTON STATE UNIVERSITY","WASHINGTON STATE UNIVERSITY",NA,NA,"PULLMAN","WA","THE FEED THE FUTURE INNOVATION LAB FOR VETERINARY VACCINE DELIVERY (VVDIL) WILL SERVE AS A PLATFORM FOR   ACCELERATING THE DEVELOPMENT AND DEPLOYMENT OF VETERINARY VACCINES THAT ARE COLD-CHAIN-INDEPENDENT,   APPROPRIATELY PACKAGED, AND TIME-DELIVERED.",2100000,"2024-10-01","2029-09-30",NA,"UNITED STATES","ASST_NON_7200AA24LE00003_7200","COOPERATIVE AGREEMENT (B)"
"CFMMM5JM7HJ9","","KANSAS STATE UNIVERSITY","KANSAS STATE UNIVERSITY","KANSAS STATE UNIVERSITY",NA,"MANHATTAN","KS","CRSI IL",3599226,"2024-09-30","2029-09-29",NA,"UNITED STATES","ASST_NON_7200AA24LE00004_7200","COOPERATIVE AGREEMENT (B)"
"FTMTDMBR29C7","","THE JOHNS HOPKINS UNIVERSITY","THE JOHNS HOPKINS UNIVERSITY","JOHNS HOPKINS UNIVERSITY","GS4PNKTRNKL3","BALTIMORE","MD","THE OBJECTIVE OF THE COOPERATIVE AGREEMENT IS TO ADVANCE PROGRESS TOWARDS THE INSTITUTIONALIZATION OF KNOWLEDGE MANAGEMENT (KM) AT GLOBAL AND LOCAL LEVELS THAT IS ACCESSIBLE AND TAILORED TO THE NEEDS OF RELEVANT STAKEHOLDERS AND EQUITABLY ENGAGES MARGINALIZED GROUPS ACROSS FP/RH AND OTHER GLOBAL HEALTH COMMUNITIES. THE ACTIVITY'S PURPOSE IS TO INCREASE IMPACT, REALIZE EFFICIENCIES, AND ACHIEVE BETTER DEVELOPMENT OUTCOMES BY INTEGRATING KM ACTIVITIES AND CAPACITY INTO GLOBAL HEALTH AND DEVELOPMENT PROGRAMS.",2211599,"2025-01-16","2030-01-15",NA,"UNITED STATES","ASST_NON_7200AA25CA00002_7200","COOPERATIVE AGREEMENT (B)"
"Z1H9VJS8NG16","","THE UNIVERSITY OF IOWA","UNIVERSITY OF IOWA, THE","THE UNIVERSITY OF IOWA","Z1H9VJS8NG16","IOWA CITY","IA","PRIVATE SECTOR PARTNERSHIPS TO STRENGTHEN HIGHER EDUCATION AIMS TO STRENGTHEN PARTNERSHIPS BETWEEN THE PRIVATE SECTOR AND ACADEMIC INSTITUTIONS, AND SUPPORT DEVELOPMENT OF MARKET-ORIENTED AND EXPERIENTIAL LEARNING APPROACHES. TO BE ACHIEVED THROUGH SUSTAINED COLLABORATION BETWEEN THE PRIVATE SECTOR, LOCAL AND UNITED STATES BASED UNIVERSITIES WITH THE GOAL OF MAKING HIGHER EDUCATION MORE RELEVANT AND RESPONSIVE TO KOSOVO'S EVOLVING MARKET NEEDS AS A DEVELOPING DEMOCRATIC COUNTRY.",3999896,"2023-01-17","2028-01-16",NA,"KOSOVO","ASST_NON_72016723CA00002_7200","COOPERATIVE AGREEMENT (B)"
"NTLHJXM55KZ6","","ARIZONA STATE UNIVERSITY","ARIZONA STATE UNIVERSITY","ARIZONA STATE UNIVERSITY","HX59VKHQH1V7","TEMPE","AZ","THE CENTER OF EXCELLENCE FOR ENERGY (COE/E) ACTIVITY WAS DESIGNED BY USAID TO SUPPORT EGYPT'S ECONOMIC DEVELOPMENT BY ESTABLISHING PARTNERSHIPS FOR HUMAN AND INSTITUTIONAL CAPACITY BUILDING BETWEEN HIGHER EDUCATION INSTITUTIONS IN THE UNITED STATES AND EGYPTIAN PUBLIC UNIVERSITIES.",19529220,"2021-11-22","2026-11-21",NA,"EGYPT","ASST_NON_72026322CA00001_7200","COOPERATIVE AGREEMENT (B)"
"PCFKGNDRA2B4","","WORLD LEARNING INC.","WORLD LEARNING INC.","WORLD LEARNING INC.","LJUHZSS2B3N1","BRATTLEBORO","VT","THE QUALITY INSTRUCTION TOWARDS ACCESS AND BASIC EDUCATION IMPROVEMENT (QITABI) 2 ACTIVITY SEEKS TO IMPROVE LEARNING OUTCOMES (ACADEMIC, SOCIAL AND EMOTIONAL OUTCOMES) FOR ALL STUDENTS IN PUBLIC PRIMARY SCHOOLS. THE ACTIVITY TARGETS AN ESTIMATED 200,000 GIRLS AND BOYS, INCLUDING THOSE WHO ARE REGISTERED IN SECOND SHIFTS OF PUBLIC SCHOOLS.",93599994,"2019-03-30","2025-03-31",NA,"LEBANON","ASST_NON_72026819CA00001_7200","COOPERATIVE AGREEMENT (B)"
"C1F5LNUF7W86","","TRUSTEES OF TUFTS COLLEGE","TRUSTEES OF TUFTS COLLEGE","TRUSTEES OF TUFTS COLLEGE","WL9FLBRVPJJ7","BOSTON","MA","EXCLUSIVE BREASTFEEDING IS RANKED AS THE NUMBER ONE PREVENTATIVE CHILD SURVIVAL INTERVENTION WHILE APPROPRIATE AND TIMELY COMPLEMENTARY FEEDING IS RANKED AS NUMBER THREE. GLOBALLY, THE IMPLEMENTATION OF OPTIMAL INFANT AND YOUNG CHILD FEEDING (IYCF) CAN PREVENT UP TO 1.4 MILLION DEATHS ANNUALLY.  MATERNAL BREASTFEEDING AND APPROPRIATE COMPLEMENTARY FEEDING PROVIDE OPTIMAL NUTRITION IN EARLY YEARS OF LIFE AND BENEFIT BOTH THE MOTHER AND THE INFANT LATER IN LIFE.  TO ADDRESS JORDAN¿S NUTRITION CHALLENGES, USAID/JORDAN ANTICIPATES AWARDING TWO COMPANION ACTIVITIES. THE FIRST, COMMUNITY HEALTH AND NUTRITION, IS A FIVE-YEAR COOPERATIVE AGREEMENT TO WORK WITH COMMUNITIES AND HEALTH CARE PROVIDERS TO IMPROVE THE NUTRITIONAL STATUS OF CHILDREN UNDER FIVE AND PREGNANT AND LACTATING WOMEN BY IMPROVING BREASTFEEDING PRACTICES, INTRODUCING APPROPRIATE COMPLEMENTARY FOODS AT THE RIGHT TIME, AND ENSURING APPROPRIATE CHILD SPACING THROUGH POSTPARTUM FAMILY PLANNING (FP) AND CONTINUATION OF MODERN FORMS OF CONTRACEPTION.THE SECOND, DESCRIBED HERE, IS USAID¿S NUTRITION INNOVATION LAB WHICH WILL BE A COMPANION AWARD TO THE COMMUNITY HEALTH AND NUTRITION ACTIVITY, TO LINK PROGRAM LEARNING WITH PROGRAM IMPLEMENTATION, AND TO IMPROVE THE LEVEL OF PUBLIC HEALTH NUTRITION ACADEMIC KNOWLEDGE IN JORDAN",5954585,"2020-01-30","2026-07-30",NA,"JORDAN","ASST_NON_72027820LA00003_7200","COOPERATIVE AGREEMENT (B)"
"KU3DCFJJTVN3","","TEXAS A&M AGRILIFE RESEARCH","TEXAS A&M AGRILIFE RESEARCH",NA,NA,"COLLEGE STATION","TX","THE YOUNG WOMEN LEAD (YWL) PROGRAM IS DESIGNED TO ASSIST APPROXIMATELY 650 YOUNG AFGHAN WOMEN TO  SUCCESSFULLY COMPLETE SHORT, POST-SECONDARY EDUCATION PROGRAMS IN FEMALE-SPECIFIC EMPLOYMENT  FIELDS.",4935797,"2023-09-28","2025-09-27",NA,"AFGHANISTAN","ASST_NON_72030623CA00003_7200","COOPERATIVE AGREEMENT (B)"
"U9JCYEXFEEU4","","TUSKEGEE UNIVERSITY","TUSKEGEE UNIVERSITY","TUSKEGEE UNIVERSITY",NA,"TUSKEGEE INSTITUTE","AL","THE PURPOSE OF THIS ACTIVITY IS TO STRENGTHEN AFU'S CAPACITY TO CONTRIBUTE TO NEPAL'S AGRICULTURAL DEVELOPMENT BY IMPROVING THE QUALITY OF AGRICULTURAL HIGHER EDUCATION, INCREASING AGRICULTURAL GRADUATES' EMPLOYABILITY, AND CONTRIBUTING TO RESEARCH AND EXTENSION ACTIVITIES THAT PLAY A CENTRAL ROLE IN NEPAL'S AGRICULTURAL AND ECONOMIC TRANSFORMATION.  IT IS ANTICIPATED THAT DIRECT WORK WITH AFU WILL IN TURN ALSO CREATE SYSTEM-LEVEL CHANGE IN THE OVERALL HIGHER EDUCATION SYSTEM IN NEPAL.",3415617,"2022-12-19","2027-12-18",NA,"NEPAL","ASST_NON_72036723CA00001_7200","COOPERATIVE AGREEMENT (B)"
"FTMTDMBR29C7","","THE JOHNS HOPKINS UNIVERSITY","JOHNS HOPKINS UNIVERSITY, THE","THE JOHNS HOPKINS UNIVERSITY","FTMTDMBR29C7","BALTIMORE","MD","THIS FIVE-YEAR COOPERATIVE AGREEMENT WILL ALLOW USAID/INDIA TO SUPPORT THE GOVERNMENT OF INDIA¿S GOAL OF AN AIDS-FREE GENERATION, THIS ACTIVITY WILL RAPIDLY DEMONSTRATE AND ASSESS NEW MODELS TO INCREASE ACCESSIBILITY, AVAILABILITY, AND DEMAND OF HIGH QUALITY, COMPREHENSIVE HIV PREVENTION, CARE AND TREATMENT SERVICES; WHILE STRENGTHENING SYSTEMS AND THE ENABLING ENVIRONMENT FOR KPS, ESPECIALLY HARD-TO-REACH KPS, THEIR PARTNERS, SPOUSES AND CHILDREN TO HAVE EQUITABLE ACCESS TO HIV/AIDS AND SOCIAL SERVICES.",39509965,"2019-04-02","2026-12-31",NA,"INDIA","ASST_NON_72038619CA00001_7200","COOPERATIVE AGREEMENT (B)"
"QDE5UHE5XD16","","VIRGINIA POLYTECHNIC INSTITUTE & STATE UNIVERSITY","VIRGINIA POLYTECHNIC INSTITUTE & STATE UNIVERSITY","VIRGINIA POLYTECHNIC INSTITUTE & STATE UNIVERSITY","M515A1DKXAN8","BLACKSBURG","VA","THE PURPOSE OF THIS COOPERATIVE AGREEMENT IS TO UTILIZE HIGHER EDUCATION INSTITUTIONS (HEIS) TO ENHANCE THE SYSTEMIC RESILIENCE OF INFRASTRUCTURE AGAINST DISASTER AND CLIMATE RISKS. THIS WILL BE ACHIEVED BY ESTABLISHING A NETWORK OF SELECTED HEIS FROM THE UNITED STATES AND INDIA, WORKING IN COLLABORATION WITH OTHER STAKEHOLDERS, TO ADDRESS GAPS IN INFRASTRUCTURE RESILIENCE EDUCATION, TRAINING, AND KNOWLEDGE MANAGEMENT. THE ACTIVITY AIMS TO STRENGTHEN THE CAPACITY OF STAKEHOLDERS AND FOSTER A HIGHER EDUCATION ECOSYSTEM FOCUSED ON INFRASTRUCTURE RESILIENCE.",1000000,"2024-05-01","2029-04-30",NA,"INDIA","ASST_NON_72038624CA00003_7200","COOPERATIVE AGREEMENT (B)"
"QDE5UHE5XD16","","VIRGINIA POLYTECHNIC INSTITUTE & STATE UNIVERSITY","VIRGINIA POLYTECHNIC INSTITUTE AND STATE UNIVERSITY","VIRGINIA POLYTECHNIC INSTITUTE & STATE UNIVERSITY","QDE5UHE5XD16","BLACKSBURG","VA","FEED THE FUTURE BANGLADESH INTEGRATED PEST MANAGEMENT ACTIVITY (IPMA)",4000000,"2021-07-25","2025-07-24",NA,"BANGLADESH","ASST_NON_72038821LA00001_7200","COOPERATIVE AGREEMENT (B)"
"LL8GLEVH6MG3","","UNIVERSITY OF UTAH","UNIVERSITY OF UTAH, THE","UNIVERSITY OF UTAH","LL8GLEVH6MG3","SALT LAKE CITY","UT","HIGHER EDUCATION SYSTEM STRENGTHENING ACTIVITY (HESSA)",18574472,"2021-08-11","2026-08-10",NA,"PAKISTAN","ASST_NON_72039121CA00001_7200","COOPERATIVE AGREEMENT (B)"
"YH86RTW2YVJ4","","TRUSTEES OF INDIANA UNIVERSITY","TRUSTEES OF INDIANA UNIVERSITY","TRUSTEES OF INDIANA UNIVERSITY","YH86RTW2YVJ4","BLOOMINGTON","IN","PARTNERSHIP FOR HIGHER EDUCATION REFORM AIMS TO SUPPORT THREE VIETNAM NATIONAL UNIVERSITIES.",8480181,"2021-08-02","2026-08-01",NA,"VIETNAM","ASST_NON_72044021CA00003_7200","COOPERATIVE AGREEMENT (B)"
"GS3YEVSS12N6","","REGENTS OF THE UNIVERSITY OF CALIFORNIA, THE","REGENTS OF THE UNIVERSITY OF CALIFORNIA, THE","STATE OF CALIFORNIA CONTROLLERS OFFICE","NUDGYLBB4S99","BERKELEY","CA","THE PURPOSE OF USAID DIGITAL FUTURE CAMBODIA IS TO CREATE A COHORT OF CAMBODIAN YOUTH WITH ENTERPRISE-DRIVEN SKILLS, TRAINING, AND QUALIFICATIONS THAT WILL HELP THEM CONTRIBUTE TO CAMBODIAN SOCIETY AND SUCCEED IN A MODERN DIGITAL ECONOMY, AND SUPPORT AN OPEN INTERNET AND FREEDOM OF INFORMATION EXCHANGE IN ORDER TO ENCOURAGE COMPETITION, INNOVATION, AND PROMOTE INTERNATIONAL STANDARDS FOR IT CERTIFICATION IN ORDER TO ADVANCE CAMBODIA'S SELF-RELIANCE IN THE DIGITAL AGE.",14514379,"2021-09-24","2026-09-23",NA,"CAMBODIA","ASST_NON_72044221CA00001_7200","COOPERATIVE AGREEMENT (B)"
"CJDNG9D14MW7","","UNIVERSITY OF RHODE ISLAND","UNIVERSITY OF RHODE ISLAND","UNIVERSITY OF RHODE ISLAND","NFS9RNJVPMC7","KINGSTON","RI","FISH RIGHT",32948716,"2018-03-30","2025-12-31",NA,"PHILIPPINES","ASST_NON_72049218CA00004_7200","COOPERATIVE AGREEMENT (B)"
"CJDNG9D14MW7","","UNIVERSITY OF RHODE ISLAND","UNIVERSITY OF RHODE ISLAND","UNIVERSITY OF RHODE ISLAND","NFS9RNJVPMC7","KINGSTON","RI","THIS FIVE-YEAR ACTIVITY IN THE PACIFIC REGION SEEKS TO ADDRESS THE DRIVERS OF ILLEGAL, UNREPORTED, AND UNREGULATED (IUU) FISHING THAT ARE DEGRADING COASTAL FISHERIES AND BIODIVERSITY AND NEGATIVELY IMPACTING LOCAL LIVELIHOODS, FOOD STABILITY, AND MARITIME SECURITY. WHILE THE PRIMARY FOCUS IS ON COASTAL FISHERIES, THIS ACTIVITY CONSIDERS THE ECOLOGICAL CONNECTION OF COASTAL AND OCEANIC FISHERIES AND THUS SEEKS SOLUTIONS TO CHALLENGES OF IUU FISHING ACROSS THE PACIFIC.",8691225,"2021-10-04","2026-10-03",NA,"FIJI","ASST_NON_72049221CA00003_7200","COOPERATIVE AGREEMENT (B)"
"NTLHJXM55KZ6","","ARIZONA STATE UNIVERSITY","ARIZONA STATE UNIVERSITY","ARIZONA STATE UNIVERSITY","HX59VKHQH1V7","TEMPE","AZ","THE PURPOSE OF THE HEPI PROGRAM IS TO DEVELOP A SUSTAINABLE PARTNERSHIP BETWEEN U.S. AND INDONESIAN HIGHER EDUCATION INSTITUTIONS AS WELL AS THE PRIVATE SECTOR TO ENHANCE STUDENT CRITICAL SKILLS AND COMPETENCIES THROUGH HIGH QUALITY INTERNATIONALLY RECOGNIZED DEGREES AND INDUSTRY CREDENTIALS.",4633644,"2022-02-24","2027-02-23",NA,"INDONESIA","ASST_NON_72049722CA00003_7200","COOPERATIVE AGREEMENT (B)"
"NTLHJXM55KZ6","","ARIZONA STATE UNIVERSITY","ARIZONA STATE UNIVERSITY","ARIZONA STATE UNIVERSITY","HX59VKHQH1V7","TEMPE","AZ","THE GBV PREVENTION, PROTECTION AND ACCOUNTABILITY IN EL SALVADOR ACTIVITY WILL AIM TO PROMOTE IMPROVEMENTS IN PREVENTION OF GBV, VICTIMS' ASSISTANCE, AND JUDICIAL ACCOUNTABILITY FOR PERPETRATORS.",24733610,"2022-10-03","2027-10-02",NA,"EL SALVADOR","ASST_NON_72051922CA00002_7200","COOPERATIVE AGREEMENT (B)"
"CFMMM5JM7HJ9","","KANSAS STATE UNIVERSITY","KANSAS STATE UNIVERSITY","KANSAS STATE UNIVERSITY",NA,"MANHATTAN","KS","FTF SCALING AGRICULTURE TECHNOLOGIES COORDINATION ACTIVITY",2400000,"2024-01-16","2029-01-15",NA,"GUATEMALA","ASST_NON_72052024LA00001_7200","COOPERATIVE AGREEMENT (B)"
"CFMMM5JM7HJ9","","KANSAS STATE UNIVERSITY","KANSAS STATE UNIVERSITY","KANSAS STATE UNIVERSITY","NJN6EFNKVKT4","MANHATTAN","KS","THIS ACTIVITY AIMS TO BUILD INSTITUTIONAL AND HUMAN CAPACITY SO THAT HAITI IS ABLE TO IDENTIFY AND SEEK THE SOLUTIONS TO ITS AGRICULTURAL PROBLEMS IN PARTNERSHIP WITH U.S. UNIVERSITIES. BY FOCUSING ON HAITIAN INSTITUTIONS, THIS ACTIVITY WILL PROVIDE GREATLY NEEDED ASSISTANCE TO A CONSORTIUM OF UNIVERSITIES AND RESEARCH INSTITUTIONS TO DEVELOP A NETWORK OF MUTUAL SUPPORT AND EXCHANGE. THE LEAD U.S. UNIVERSITY, KANSAS STATE UNIVERSITY, LEADING THE SUSTAINABLE INTENSIFICATION FEED THE FUTURE INNOVATION LAB (SI FTF-IL), WILL WORK WITH THE HAITIAN INSTITUTIONS TO DEVELOP A SIMPLE FIVE-YEAR PLAN THROUGH IN-DEPTH DISCUSSIONS WITH PUBLIC AND PRIVATE SECTOR STAKEHOLDERS ON PRIORITIES, OPPORTUNITIES, AND COMMITMENTS. THIS PLAN WOULD INCLUDE A RANGE OF ACTIVITIES TO SUPPORT SUCH EFFORTS AS: 1) INCREASING INSTITUTIONAL AND HUMAN CAPACITY THAT BETTER MEET THE DEMANDS OF THE AGRICULTURAL ECONOMY, 2) DEVELOPING REVENUE-GENERATING SERVICES TO PROVIDE TO THE REGION, AND 3) IMPROVING LINKAGES BETWEEN UNIVERSITIES, EXTENSIONISTS (PUBLIC AND PRIVATE), PRIVATE SECTOR, AND FARMERS. THE GOAL IS TO DEVELOP AN EASY-TO-FOLLOW AND REALISTIC PLAN THAT FOCUSES ON BETTER CONNECTING UNIVERSITIES TO FARMERS AND FARMS AND TRAINING INDIVIDUALS WHO WILL WORK IN THE SECTOR. ALL PLANS WILL INCLUDE ACTIVITIES AND RATIONALE, TIMELINE, BUDGET, AND A SUSTAINABILITY PLAN.",10007112,"2021-09-30","2026-09-29",NA,"HAITI","ASST_NON_72052121LA00001_7200","COOPERATIVE AGREEMENT (B)"
"NNFQH1JAPEP3","","UNIVERSITY OF FLORIDA","UNIVERSITY OF FLORIDA","BOARD OF GOVERNERS STATE UNIVERSITY SYSTEM OF FLORIDA","D4GCCCMXR1H3","GAINESVILLE","FL","THE PURPOSE OF THE HAITI LIVESTOCK INNOVATION ACTIVITY ENTITLED SYSTÈME D'INNOVATION EN PRODUCTION ANIMALE (SIPA) IS TO INCREASE THE LONG-TERM PRODUCTIVITY AND RESILIENCE OF THE LIVESTOCK SECTOR IN HAITI, PARTICULARLY TWO RESILIENCE FOCUS ZONES (RFZ). ONE RFZ IN THE SOUTHERN REGION AND THE OTHER IN THE NORTH-NORTH-EAST-CENTRAL PLATEAU REGION. THE ACTIVITY WILL TAKE INTO CONSIDERATION THE UNIQUE PRODUCTION ENVIRONMENTS, PRIORITY ANIMALS, POTENTIAL FOR IMPROVEMENT, AND EXISTING RESOURCES.   SIPA AIMS TO IMPROVE THE PRODUCTIVITY OF LIVESTOCK IN THE RFZS BY SEEKING LOCALIZED SOLUTIONS FOR ANIMAL NUTRITION AND DEVELOPING A LONG-TERM STRATEGY TO IMPROVE THE GENETIC STOCK OF PRIORITY ANIMALS SUCH AS GOATS AND CATTLE. ALSO, THIS ACTIVITY WILL WORK IN CONJUNCTION WITH THE LIVESTOCK MARKET SYSTEMS (LMS) ACTIVITY TO INFORM AND COMPLEMENT ITS WORK AS IT IS ALSO FOCUSED ON INCREASING THE PRODUCTIVITY AND SALES OF KEY LIVESTOCK FROM A MARKET SYSTEMS APPROACH. THERE WILL BE OPPORTUNITIES TO APPLY AND DISSEMINATE FINDINGS FROM THIS RESEARCH ACTIVITY THROUGH THE LMS TO INDIVIDUALS AND BUSINESSES. IN ADDITION, THIS ACTIVITY WILL ALSO PARTNER WITH LOCAL PARTNER UNIVERSITIES IN COORDINATION WITH THE HAITI UNIVERSITY PARTNERSHIPS (HUP) ACTIVITY. HUP WILL BUILD THE INSTITUTIONAL CAPACITY OF LOCAL AGRICULTURE UNIVERSITIES AND THIS ACTIVITY WILL PARTNER WITH THEM TO CONDUCT RESEARCH, DISSEMINATE FINDINGS, AND POTENTIALLY ESTABLISH REVENUE GENERATING ACTIVITIES IN THE SECTOR.   THE PROJECT GOALS WILL BE ACHIEVED THROUGH THE FOLLOWING RESEARCH OBJECTIVES:   IMPROVE THE GENETIC PROFILE OF KEY LIVESTOCK SPECIES (SMALL RUMINANTS, DAIRY AND BEEF CATTLE) THROUGH BREEDING AND DISSEMINATION OF QUALITY GENETIC STOCK IN HAITI. INCREASE THE PERFORMANCE OF LIVESTOCK THROUGH TRANSFORMATIVE FORAGE AND FEED INTERVENTIONS. BUILD THE ACADEMIC, VOCATIONAL AND RESEARCH CAPACITY OF KEY LOCAL UNIVERSITIES AND SUPPORT DISSEMINATION OF THESE NEW RESEARCH FINDINGS.",2000000,"2023-05-23","2028-05-22",NA,"HAITI","ASST_NON_72052123LA00002_7200","COOPERATIVE AGREEMENT (B)"
"TSANQ65M3FA8","","NORTH CAROLINA STATE UNIVERSITY","NORTH CAROLINA STATE UNIVERSITY",NA,NA,"RALEIGH","NC","THE PURPOSE OF THIS ACTIVITY IS TO CREATE AN ECOSYSTEM FOR TRAINING AND EDUCATION IN TEXTILES IN HONDURAS THAT IS SUSTAINABLE AND REPLICABLE IN OTHER COUNTRIES IN NORTHERN CENTRAL AMERICA",2000000,"2023-07-24","2025-07-23",NA,"HONDURAS","ASST_NON_72052223FA00002_7200","COOPERATIVE AGREEMENT (B)"
"MBU6HCLNZ431","","WAKE FOREST UNIVERSITY","WAKE FOREST UNIVERSITY","WAKE FOREST UNIVERSITY","MBU6HCLNZ431","WINSTON SALEM","NC","TO IMPROVE BIODIVERSITY CONSERVATION AND SUSTAINABLE DEVELOPMENT IN TWO REGIONS IN THE PERUVIAN AMAZON BY STRENGTHENING REGIONAL SCIENCE CAPACITY TO IMPROVE ASSESSMENT OF THE ENVIRONMENTAL IMPACTS OF ILLEGAL ARTISANAL AND SMALL-SCALE GOLD MINING (ASGM), PRODUCE NEW KNOWLEDGE ON CURRENT AND FUTURE NEGATIVE IMPACTS TO FILL CRITICAL KNOWLEDGE GAPS, AND DEVELOP AND PROMOTE TECHNOLOGICAL INNOVATIONS TO ADVANCE NEW SOLUTIONS FOR LANDSCAPE RECOVERY, SUSTAINABILITY, AND BIODIVERSITY PROTECTION.",6923566,"2021-06-01","2026-05-31",NA,"PERU","ASST_NON_72052721CA00005_7200","COOPERATIVE AGREEMENT (B)"
"HLTMVS2JZBS6","","NORTHEASTERN UNIVERSITY","NORTHEASTERN UNIVERSITY","NORTHEASTERN UNIVERSITY",NA,"BOSTON","MA","THE PURPOSE OF THE ACTIVITY IS TO ADVANCE CLIMATE ADAPTATION AND COMMUNITY RESILIENCE PLANNING IN THE CARIBBEAN REGION. THE ACTIVITY WILL IMPLEMENT A CO-LEARNING PROCESS WITH THREE COMMUNITIES IN BARBADOS AND LEVERAGE CIHERC EXPERTISE TO FACILITATE REPLICATION AND SCALING SIMILAR CLIMATE ADAPTATION AND COMMUNITY RESILIENCE PLANNING TOOLS ACROSS THE REGION. THE ACTIVITY SUPPORTS USAID/ESC'S REGIONAL DEVELOPMENT COOPERATION STRATEGY (RDCS) THROUGH REGIONAL DEVELOPMENT OBJECTIVE (RDO) 2 COMMUNITY RESILIENCE STRENGTHENED, INTERMEDIATE RESULTS (IR) 2.2 COMMUNITIES EQUIPPED TO REDUCE VULNERABILITIES.",1000000,"2023-04-28","2025-06-30",NA,"BARBADOS","ASST_NON_72053823FA00001_7200","COOPERATIVE AGREEMENT (B)"
"M2FFKJRY6MB3","","UNIVERSITY OF CALIFORNIA, LOS ANGELES","UNIVERSITY OF CALIFORNIA, LOS ANGELES","STATE OF CALIFORNIA CONTROLLERS OFFICE","NUDGYLBB4S99","LOS ANGELES","CA","THE PURPOSE OF THIS ACTION IS TO REQUEST A FULL APPLICATION ON THE POSITIONING SHADE-GROWN CACAO TO IMPROVE CONSERVATION AND RURAL LIVELIHOODS PROJECT",800000,"2021-09-01","2026-08-31",NA,"CONGO (KINSHASA)","ASST_NON_72060521CA00003_7200","COOPERATIVE AGREEMENT (B)"
"JF2BLNN4PJC3","","FLORIDA STATE UNIVERSITY","FLORIDA STATE UNIVERSITY","BOARD OF GOVERNERS STATE UNIVERSITY SYSTEM OF FLORIDA","D4GCCCMXR1H3","TALLAHASSEE","FL","TRANSFORMING TEACHER EDUCATION IN ZAMBIA",11091143,"2020-09-30","2025-09-29",NA,"ZAMBIA","ASST_NON_72061120CA00006_7200","COOPERATIVE AGREEMENT (B)"
"NM1MLG7N8577","","BAYLOR COLLEGE OF MEDICINE CHILDRENS FOUNDATION MALAWI","BAYLOR COLLEGE OF MEDICINE CH ILDRENS FOUNDATION MALAWI",NA,NA,NA,NA,"THE GOAL OF THE CORE ACTIVITY IS TO REDUCE NEW HIV INFECTIONS AND HIV MORBIDITY AND MORTALITY RATES IN MALAWI THROUGH INCREASING ACCESS TO AND UTILIZATION OF HIGH-QUALITY, COMPREHENSIVE SERVICES ACROSS THE CONTINUUM OF HIV TREATMENT AND CARE WITHIN THE SUB-NATIONAL UNITS (SNUS) OR DISTRICTS WHERE IT OPERATES.",65344239,"2021-06-09","2026-06-08",NA,"MALAWI","ASST_NON_72061221CA00011_7200","COOPERATIVE AGREEMENT (B)"
"JF2BLNN4PJC3","","FLORIDA STATE UNIVERSITY","FLORIDA STATE UNIVERSITY","BOARD OF GOVERNERS STATE UNIVERSITY SYSTEM OF FLORIDA","D4GCCCMXR1H3","TALLAHASSEE","FL","STRENGTHENING TEACHER EDUCATION AND PRACTICE ACTIVITY IN MALAWI (STEP) THE OBJECTIVE OF THE STRENGTHENING TEACHER EDUCATION AND PRACTICE (STEP) ACTIVITY IS TO STRENGTHEN THE HIGHER EDUCATION SYSTEMS TO TRAIN TEACHERS IN EARLY GRADE INSTRUCTION AND PROVIDE PATHWAYS OF CONTINUOUS PROFESSIONAL DEVELOPMENT FOR TEACHERS TO EXCEL IN THEIR DISCIPLINE AND AT THE PRIMARY SCHOOL LEVEL",15600000,"2022-01-20","2027-01-19",NA,"MALAWI","ASST_NON_72061222CA00001_7200","COOPERATIVE AGREEMENT (B)"
"W4TERRVQDRE8","","MICHIGAN STATE UNIVERSITY FOUNDATION","MICHIGAN STATE UNIVERSITY FOUNDATION","MICHIGAN STATE UNIVERSITY","VJKZC4D1JN36","EAST LANSING","MI","TRANSFORMING HIGHER EDUCATION SYSTEMS ACTIVITY IN MALAWI",15942154,"2022-10-14","2027-10-18",NA,"MALAWI","ASST_NON_72061223CA00001_7200","COOPERATIVE AGREEMENT (B)"
"R28EKN92ZTZ9","","MICHIGAN STATE UNIVERSITY","MICHIGAN STATE UNIVERSITY","MICHIGAN STATE UNIVERSITY","VJKZC4D1JN36","EAST LANSING","MI","ECONOMIC GROWTH POLICY ACTIVITY - THE GOAL OF THIS PROJECT IS TO STRENGTHEN EVIDENCE-BASED, COUNTRY-LED, INCLUSIVE AND CONSULTATIVE POLICY FORMULATION AND IMPLEMENTATION THAT UNLOCKS AND ADVANCES AGRICULTURE AND NATURAL RESOURCE-LED, CLIMATE-RESILIENT, AND INCLUSIVE COMMERCIALIZATION AND INDUSTRIALIZATION  ALIGNED TO MALAWI'S VISION 2063 THAT RESULTS IN STRONGER, INDEPENDENT INSTITUTIONS, INCREASED PUBLIC-PRIVATE COLLABORATION IN POLICY MAKING, BETTER TARGETED AND ALIGNED PUBLIC RESOURCE ALLOCATIONS, STRENGTHENED CLIMATE-RESILIENT FOOD SYSTEMS, AND IMPROVED ECONOMIC OUTCOMES THROUGH JOBS, INCOMES, TRADE, AND INVESTMENT AND GDP CONTRIBUTIONS",2360000,"2023-06-02","2028-06-01",NA,"MALAWI","ASST_NON_72061223LA00001_7200","COOPERATIVE AGREEMENT (B)"
"N72VCGX13AL6","","STRATHMORE UNIVERSITY","STRATHMORE UNIVERSITY",NA,NA,NA,NA,"THE PURPOSE OF COUNTY BUSINESS CENTERS PROGRAM IS TO STRENGTHEN KENYA'S ECONOMIC COMPETITIVENESS AND ITS PROSPECTS FOR SUSTAINED GROWTH. THE PROGRAM WILL TRANSFER BEST PRACTICES IN BUSINESS DEVELOPMENT AND ADVISORY SERVICES TO A LOCAL NETWORK OF COUNTY-BASED BUSINESS CENTERS",8485873,"2021-05-11","2026-05-10",NA,"KENYA","ASST_NON_72061521CA00016_7200","COOPERATIVE AGREEMENT (B)"
"R28EKN92ZTZ9","","MICHIGAN STATE UNIVERSITY","MICHIGAN STATE UNIVERSITY","MICHIGAN STATE UNIVERSITY","VJKZC4D1JN36","EAST LANSING","MI","USAID EMPOWERED YOUTH",4798122,"2021-07-27","2026-07-26",NA,"KENYA","ASST_NON_72061521CA00019_7200","COOPERATIVE AGREEMENT (B)"
"FTMTDMBR29C7","","THE JOHNS HOPKINS UNIVERSITY","JOHNS HOPKINS UNIVERSITY, THE","THE JOHNS HOPKINS UNIVERSITY","FTMTDMBR29C7","BALTIMORE","MD","THE SBC ACTIVITY SEEKS TO TRANSFORM HOUSEHOLDS, COMMUNITIES AND SYSTEMS FOR IMPROVED HEALTH AND DEVELOPMENT OUTCOMES THROUGH SOCIAL AND BEHAVIOR CHANGE. IT WILL CONTRIBUTE TO THE ACHIEVEMENT OF HEALTH AND DEVELOPMENT OUTCOMES THROUGH IMPROVED ADOPTION OF HEALTH BEHAVIORS (E.G. INCREASED, CONSISTENT, AND CORRECT USE OF MOSQUITO NETS; INCREASED ADHERENCE TO ARVS) AT INDIVIDUAL, HOUSEHOLD, AND COMMUNITY LEVELS. THIS ACTIVITY WILL WORK WITH THE GOU, IMPLEMENTING PARTNERS AND STAKEHOLDERS TO IMPLEMENT AND SCALE UP QUALITY SBC INTERVENTIONS THAT DIRECTLY AFFECT THE INTERNAL, STRUCTURAL AND SOCIAL FACTORS IN ORDER TO INCREASE ADOPTION OF IMPROVED HEALTH BEHAVIORS AND ULTIMATELY IMPACT HEALTH AND DEVELOPMENT OUTCOMES. THE ACTIVITY WILL ACCOMPLISH RESULTS THROUGH FOUR INTERMEDIATE RESULTS:",38537553,"2020-03-20","2025-09-30",NA,"UGANDA","ASST_NON_72061720CA00005_7200","COOPERATIVE AGREEMENT (B)"
"CED7ZRB5QWP5","","BAYLOR COLLEGE OF MEDICINE CHILDRENS FOUNDATION UGANDA","BAYLOR COLLEGE OF MEDICINE CHILDRENS FOUNDATION-UGANDA",NA,NA,NA,NA,"TO SUPPORT THE IMPLEMENTATION OF DISTRICT-BASED INTEGRATED HIV/AIDS AND TB SERVICES IN EASTERN UGANDA.",26736821,"2021-10-21","2026-10-21",NA,"UGANDA","ASST_NON_72061722CA00002_7200","COOPERATIVE AGREEMENT (B)"
"TQCJUED1WEF9","","GALLAUDET UNIVERSITY","GALLAUDET UNIVERSITY","GALLAUDET UNIVERSITY","TQCJUED1WEF9","WASHINGTON","DC","THE PURPOSE OF THIS PROGRAM IS TO MEET THE FOLLOWING OBJECTIVE: USAID/NIGERIA E3 ACTIVITY WILL STRENGTHENING EDUCATION SYSTEMS AND LOCAL CAPACITY TO REDUCE EDUCATIONAL DISPARITIES FACED BY DEAF AND HARD OF HEARING STUDENTS IN NIGERIA. USAID/NIGERIA EXPECTS THAT THIS PARTNERSHIP WILL ATTRACT ADDITIONAL NIGERIAN PUBLIC AND PRIVATE SECTOR STAKEHOLDERS WITH AN INTEREST IN IMPROVING EDUCATIONAL AND EMPLOYMENT OPPORTUNITIES FOR DEAF/HARD OF HEARING/DEAF-BLIND (D/HH/DB) TO CONTINUE THE WORK SEEDED BY THIS USAID INVESTMENT. THIS WILL PAVE THE WAY FOR SUSTAINABLE DEVELOPMENT OF THE GAIN CONCEPT IN NIGERIA AND SERVE AS A MODEL FOR INCLUSIVE TERTIARY EDUCATION ACROSS AFRICA.",2765000,"2021-05-05","2026-04-30",NA,"NIGERIA","ASST_NON_72062021CA00003_7200","COOPERATIVE AGREEMENT (B)"
"SF4JY6YS8LT3","","GEORGETOWN GLOBAL HEALTH NIGERIA LTD/GTE","GEORGETOWN GLOBAL HEALTH NIGERIA LTD/GTE",NA,NA,NA,NA,"THE PRIMARY FOCUS OF ACE ACTIVITY IS TO SUPPORT RELEVANT HIV/AIDS/TB SERVICE DELIVERY, THROUGH A COMBINATION OF DIRECT SERVICE DELIVERY SUPPORT AND TECHNICAL ASSISTANCE IN NIGERIA, ACROSS A VARIETY OF TECHNICAL AREAS RELEVANT TO THE CONTINUUM OF PREVENTION, CARE, AND TREATMENT OF HIV INFECTION. ACE ACTIVITY ALIGNS WITH THE USAID/NIGERIA'S 2020-2025 CDCS DEVELOPMENT OBJECTIVE 2 (DO 2): ""A HEALTHIER, BETTER EDUCATED POPULATION"", SPECIFICALLY THE INTERMEDIATE RESULT 2.1 (IR 2.1): ""IMPROVED HEALTH AND DISEASE OUTCOMES OF PRIORITY POPULATIONS IN TARGETED STATES."" DO2 IS HINGED ON THE HYPOTHESIS THAT IF THE CAPACITY OF HEALTH AND EDUCATION INSTITUTIONS AND SYSTEMS IS INCREASED, IF ACCESS TO EQUITABLE HEALTH AND EDUCATION SERVICES IS INCREASED, IF THE QUALITY OF HEALTH AND EDUCATION SERVICE PROVISION IS INCREASED AND IMPROVED, AND IF THE GOVERNMENT'S COMMITMENT AND CAPACITY TO MOBILIZE MORE OF ITS OWN RESOURCES IS INCREASED THEN NIGERIA WILL BECOME MORE SELF-SUFFICIENT AND EFFECTIVE IN ITS MANAGEMENT OF ESSENTIAL HEALTH AND EDUCATION SERVICES, WHICH WILL CONTRIBUTE TO A HEALTHIER, BETTER EDUCATED POPULATION.",24817844,"2022-02-23","2027-02-22",NA,"NIGERIA","ASST_NON_72062022CA00005_7200","COOPERATIVE AGREEMENT (B)"
"R28EKN92ZTZ9","","MICHIGAN STATE UNIVERSITY","MICHIGAN STATE UNIVERSITY","MICHIGAN STATE UNIVERSITY","VJKZC4D1JN36","EAST LANSING","MI","NONE",1500000,"2024-04-15","2029-04-14",NA,"NIGERIA","ASST_NON_72062024LA00001_7200","COOPERATIVE AGREEMENT (B)"
"R28EKN92ZTZ9","","MICHIGAN STATE UNIVERSITY","MICHIGAN STATE UNIVERSITY","MICHIGAN STATE UNIVERSITY","VJKZC4D1JN36","EAST LANSING","MI","ACCELERATE ADOPTION OF MORE EFFECTIVE POLICIES AND PROGRAMS TO DRIVE BROAD-BASED AGRICULTURAL SECTOR GROWTH, IMPROVED HOUSEHOLD FOOD SECURITY AND NUTRITION, AND REDUCED POVERTY IN TANZANIA.",9000000,"2020-01-01","2025-12-31",NA,"TANZANIA","ASST_NON_72062119LA00001_7200","COOPERATIVE AGREEMENT (B)"
"NPU8ULVAAS23","","UNIVERSITY OF MARYLAND, COLLEGE PARK","UNIVERSITY OF MARYLAND, COLLEGE PARK","UNIVERSITY SYSTEM OF MARYLAND","KMGEN62NKEM9","COLLEGE PARK","MD","¿ PROMOTE SOCIAL COHESION IN TARGET COMMUNITIES  ¿ BUILD CAPACITY OF THE MEDIA SECTOR TO COUNTER VIOLENT EXTREMIST ORGANIZATION (VEO) NARRATIVES  ¿ PROMOTE INSTITUTIONAL AND STAKEHOLDER COLLABORATION AND COORDINATION FOR PEACEBUILDING",1200000,"2022-11-30","2027-11-29",NA,"GHANA","ASST_NON_72064122CA00003_7200","COOPERATIVE AGREEMENT (B)"
"R28EKN92ZTZ9","","MICHIGAN STATE UNIVERSITY","MICHIGAN STATE UNIVERSITY","MICHIGAN STATE UNIVERSITY","VJKZC4D1JN36","EAST LANSING","MI","MOZAMBIQUE UNIVERSITY CAREER DEVELOPMENT CENTERS ADDENDUM, HIGHER EDUCATION FOR LEADERSHIP, INNOVATION, AND EXCHANGE (HELIX)",3506825,"2021-09-27","2027-09-26",NA,"MOZAMBIQUE","ASST_NON_72065621CA00007_7200","COOPERATIVE AGREEMENT (B)"
"FTMTDMBR29C7","","THE JOHNS HOPKINS UNIVERSITY","JOHNS HOPKINS UNIVERSITY, THE","THE JOHNS HOPKINS UNIVERSITY","FTMTDMBR29C7","BALTIMORE","MD","FIGHTING MALARIA WITH SOCIAL AND BEHAVIORAL CHANGE (FMSBC) PROGRAM IN MOZAMBIQUE:  THE PURPOSE OF THIS   ACTIVITY IS TO INCREASE ADOPTION AND MAINTENANCE OF MALARIA PREVENTION AND TREATMENT BEHAVIORS IN TARGET AREAS OF   MOZAMBIQUE THROUGH THE USE OF EVIDENCE-BASED AND THEORY-DRIVEN SOCIAL AND BEHAVIOR CHANGE (SBC) ACTIVITIES.   THIS WILL BE ACHIEVED THROUGH THE INCREASED AND IMPROVED MALARIA SOCIAL AND BEHAVIORAL CHANGE (SBC) DESIGN,   IMPLEMENTATION, AND MONITORING BY MINISTRY OF HEALTH AND IMPLEMENTATION PARTNERS.  THIS ACTIVITY WILL TAKE PLACE IN   THE PROVINCES OF NAMPULA, ZAMBEZIA, MANICA AND CABO DELGADO FOR 5 FIVE YEARS.",6267667,"2022-09-19","2027-09-18",NA,"MOZAMBIQUE","ASST_NON_72065622CA00011_7200","COOPERATIVE AGREEMENT (B)"
"QHF5ZZ114M72","","THE TRUSTEES OF COLUMBIA UNIVERSITY IN THE CITY OF NEW YORK","THE TRUSTEES OF COLUMBIA UNIVERSITY IN THE CITY OF NEW YORK","THE TRUSTEES OF COLUMBIA UNIVERSITY IN THE CITY OF NEW YORK","QHF5ZZ114M72","NEW YORK","NY","MALARIA DIAGNOSIS AND TREATMENT ACTIVITY",29900079,"2018-01-24","2025-09-13",NA,"ETHIOPIA","ASST_NON_72066318CA00005_7200","COOPERATIVE AGREEMENT (B)"
"NMJHD63STRC5","","UNIVERSITY OF GEORGIA RESEARCH FOUNDATION, INC.","UNIVERSITY OF GEORGIA RESEARCH FOUNDATION, INC.",NA,NA,"ATHENS","GA","CENTER OF EXCELLENCE FOR FORESTRY, BIODIVERSITY, AND CONSERVATION LEADERSHIP AND GREEN ENTERPRISE DEVELOPMENT IN LIBERIA",4060000,"2022-10-21","2027-10-20",NA,"LIBERIA","ASST_NON_72066923CA00002_7200","COOPERATIVE AGREEMENT (B)"
"XNY5ULPU8EN6","","THE ADMINISTRATORS OF TULANE EDUCATIONAL FUND","ADMINISTRATORS OF THE TULANE EDUCATIONAL FUND, THE","THE ADMINISTRATORS OF TULANE EDUCATIONAL FUND","XNY5ULPU8EN6","NEW ORLEANS","LA","PROTECTING HIGHLY VULNERABLE CHILDREN-RESEARCH, MONITORING & QUALITY IMPROVEMENT ACTIVITY",6500000,"2020-07-01","2025-06-30",NA,"SOUTH AFRICA","ASST_NON_72067420CA00003_7200","COOPERATIVE AGREEMENT (B)"
"KTA9J65DGKN9","","BAYLOR COLLEGE OF MEDICINE CHILDREN'S FOUNDATION - LESOTHO","BAYLOR COLLEGE OF MEDICINE CHILDREN'S FOUNDATION - LESOTHO",NA,NA,NA,NA,"THE PURPOSE OF THE LEADR ACTIVITY IS TO PROVIDE EFFECTIVE DECENTRALIZED, DIFFERENTIATED, AND INTEGRATED FACILITY AND COMMUNITY SERVICES TO MAXIMIZE EQUITABLE ACCESS TO COMPREHENSIVE HIV, TB, AND COVID-19 INTERVENTIONS THROUGH A PRIMARY HEALTH CARE APPROACH TO ENSURE THAT CLIENTS HAVE ACCESS TO HOLISTIC SERVICES.",8500000,"2023-04-24","2026-04-23",NA,"LESOTHO","ASST_NON_72067423FA00005_7200","PROJECT GRANT (B)"
"ED44Y3W6P7B9","","UNIVERSITY OF ARIZONA","UNIVERSITY OF ARIZONA",NA,NA,"TUCSON","AZ","NIGER RESILIENCE AND AGRIBUSINESS MASTERS PROGRAM ACTIVITY'S PURPOSE WILL BE TO STRENGTHEN THE HUMAN AND INSTITUTIONAL CAPACITY OF NIGERIEN PUBLIC UNIVERSITIES TO DESIGN AND DELIVER ACADEMIC COURSEWORK LEADING TO A MASTER'S DEGREE IN AGRIBUSINESS.",1954000,"2023-10-18","2028-10-17",NA,"NIGER","ASST_NON_72068523CA00003_7200","COOPERATIVE AGREEMENT (B)"
"YN2JWTVV9F85","","UNIVERSITY OF RHODE ISLAND","UNIVERSITY OF RHODE ISLAND","STATE OF RHODE ISLAND","NSA8T7PLC9K3","KINGSTON","RI","THE PURPOSE OF THE USAID RIAKE, A MARINE ACTIVITY FOR THE USAID MADAGASCAR CONSERVATION, COMMUNITIES AND SUSTAINABLE DEVELOPMENT PROGRAM IS RESILIENT AND EMPOWERED COMMUNITIES THAT INHERIT AND MAINTAIN BIODIVERSE, WELL-MANAGED, SECURE, AND SUSTAINABLE MARINE ECOSYSTEMS.",3500000,"2024-05-02","2029-05-01",NA,"MADAGASCAR","ASST_NON_72068724CA00005_7200","COOPERATIVE AGREEMENT (B)"
"W4F5GXGBVND3","","DRAPER UNIVERSITY LLC","DRAPER UNIVERSITY LLC",NA,NA,"SAN MATEO","CA","THE PURPOSE OF THIS ACTIVITY IS TO THE USAID/MALI WATER INNOVATION ACCELERATOR ACTIVITY.",300000,"2025-01-16","2026-01-15",NA,"MALI","ASST_NON_72068825FA00001_7200","COOPERATIVE AGREEMENT (B)"
"QHF5ZZ114M72","","THE TRUSTEES OF COLUMBIA UNIVERSITY IN THE CITY OF NEW YORK","TRUSTEES OF COLUMBIA UNIVERSITY IN THE CITY OF NEW YORK, THE","THE TRUSTEES OF COLUMBIA UNIVERSITY IN THE CITY OF NEW YORK","QHF5ZZ114M72","NEW YORK","NY","THIS ACTIVITY SEEKS TO ADDRESS REMAINING CHALLENGES AND CLOSE PERSISTENT GAPS TO ACHIEVE THE UNAIDS 95-95-95 GOALS AND THEREFORE REACH AND SUSTAIN HIV/AIDS EPIDEMIC CONTROL IN BURUNDI. IT WILL SET UP INTERVENTIONS TO STRENGTHEN THE HEALTH SYSTEM AND TO IMPROVE COMMUNITY ENGAGEMENT, BUILDING ON BEST PRACTICES FROM OTHER PEPFAR ACTIVITIES IMPLEMENTED TO DATE. THE ACTIVITY WILL COMPLEMENT EXISTING USAID/BURUNDI CLINICAL, COMMUNITY HEALTH, AND SOCIAL-BEHAVIOR SERVICES DELIVERY ACTIVITIES.",11799835,"2023-08-11","2028-08-10",NA,"BURUNDI","ASST_NON_72069523CA00002_7200","COOPERATIVE AGREEMENT (B)"
"C1F5LNUF7W86","","TRUSTEES OF TUFTS COLLEGE","TRUSTEES OF TUFTS COLLEGE","TRUSTEES OF TUFTS COLLEGE","WL9FLBRVPJJ7","BOSTON","MA","THIS ACTION SETS UP THE NEW AWARD FOR ANTICIPATORY ACTION",2964727,"2021-09-30","2025-03-28",NA,"UGANDA","ASST_NON_720BHA21CA00044_7200","COOPERATIVE AGREEMENT (B)"
"ECR5E2LU5BL6","","GEORGE WASHINGTON UNIVERSITY (THE)","GEORGE WASHINGTON UNIVERSITY (THE)",NA,NA,"WASHINGTON","DC","THREE YEAR AWARD TO CREATE NEW PROGRAMMING MODELS FOR NON-GENDER BASED VIOLENCE SERVICE ORGANIZATIONS TO   SUPPORT SURVIVORS OF GENDER BASED VIOLENCE.",4424810,"2022-09-09","2025-09-08",NA,"CONGO (KINSHASA)","ASST_NON_720BHA22CA00032_7200","COOPERATIVE AGREEMENT (B)"
"NMJHD63STRC5","","UNIVERSITY OF GEORGIA RESEARCH FOUNDATION, INC.","UNIVERSITY OF GEORGIA RESEARCH FOUNDATION, INC.",NA,NA,"ATHENS","GA","TO SUPPORT HUMANITARIAN INFORMATION MANAGEMENT THROUGH GEOGRAPHIC INFORMATION SYSTEMS, DATA ANALYTICS, AND VISUALIZATIONS",1713275,"2022-10-01","2025-09-30",NA,"UKRAINE","ASST_NON_720BHA22CA00053_7200","COOPERATIVE AGREEMENT (B)"
"ED44Y3W6P7B9","","UNIVERSITY OF ARIZONA","UNIVERSITY OF ARIZONA","AZ ST. SEC. OF STATE","RC5JBKFSQPM6","TUCSON","AZ","TO DEVELOP INDICATORS AND METHODS THAT ENHANCE THE EVIDENCE BASE FOR IMPROVING HUMANITARIAN INVESTMENT IN CLIMATE ADAPTATION PROGRAMMING",999977,"2022-10-01","2025-09-29",NA,"KENYA","ASST_NON_720BHA22CA00062_7200","COOPERATIVE AGREEMENT (B)"
"C1F5LNUF7W86","","TRUSTEES OF TUFTS COLLEGE","TRUSTEES OF TUFTS COLLEGE","TRUSTEES OF TUFTS COLLEGE","WL9FLBRVPJJ7","BOSTON","MA","INCREMENTAL FUNDING - RE-EXAMINING EARLY WARNING SYSTEMS AND HUMANITARIAN RESPONSES IN PASTORAL AREAS OF THE SUDANO-SAHEL AND THE GREATER HORN OF AFRICA",2593378,"2022-10-01","2025-09-30",NA,"CENTRAL AFRICAN REPUBLIC","ASST_NON_720BHA22GR00321_7200","PROJECT GRANT (B)"
"ED44Y3W6P7B9","","UNIVERSITY OF ARIZONA","UNIVERSITY OF ARIZONA",NA,NA,"TUCSON","AZ","NEW COOPERATIVE AGREEMENT TO IMPROVE DISASTER PREPAREDNESS AND PLANNING THROUGH APPLIED AND LOCALIZED   RESEARCH ON CLIMATE ADAPTATION AND DRR IN THE GLOBAL SOUTH AMONG EARLY CAREER AND YOUNG UNIVERSITY   RESEARCHERS.",7000000,"2023-10-01","2028-09-30",NA,"UNITED STATES","ASST_NON_720BHA23CA00029_7200","COOPERATIVE AGREEMENT (B)"
"C1F5LNUF7W86","","TRUSTEES OF TUFTS COLLEGE","TRUSTEES OF TUFTS COLLEGE","TRUSTEES OF TUFTS COLLEGE","S6ZWCYHRQQB3","BOSTON","MA","TO IMPROVE THE IMPACT AND QUALITY OF CROP-RELATED PROJECTS IN HUMANITARIAN SETTINGS.",1788327,"2023-10-15","2026-10-14",NA,"UNITED STATES","ASST_NON_720BHA23CA00032_7200","COOPERATIVE AGREEMENT (B)"
"NTLHJXM55KZ6","","ARIZONA STATE UNIVERSITY","ARIZONA STATE UNIVERSITY","ARIZONA STATE UNIVERSITY",NA,"TEMPE","AZ","THE AWARD SCOPE IS AS FOLLOWS: THIS PROJECT WILL SUPPORT A SHIFT FROM THE CURRENT STATE OF A VICIOUS CYCLE FOR LOCUST OUTBREAKS TO A TARGETED STATE WHERE COMMUNITIES ARE EMPOWERED TO: 1) IMPLEMENT ALTERNATIVE SUSTAINABLE MANAGEMENT, 2) DECREASE THEIR RELIANCE ON SYNTHETIC PESTICIDES, AND 3) CO-CREATE AND BENEFIT FROM GLOBALLY AVAILABLE AND OPEN-ACCESS TOOLS. ALL AIMS WORK TOWARDS STOPPING THE VICIOUS CYCLE.",303622,"2023-04-24","2025-03-23",NA,"SENEGAL","ASST_NON_720BHA23GR00163_7200","PROJECT GRANT (B)"
"FTMTDMBR29C7","","THE JOHNS HOPKINS UNIVERSITY","THE JOHNS HOPKINS UNIVERSITY","JOHNS HOPKINS UNIVERSITY",NA,"BALTIMORE","MD","THIS AWARD WILL SUPPORT RESEARCHING REACTIVE VACCINE CAMPAIGNS IN HUMANITARIAN SETTINGS TO BETTER   UNDERSTAND THE CHALLENGES AND ENABLERS OF REACTIVE VACCINATION CAMPAIGNS IN RESPONSE TO OUTBREAKS IN   HUMANITARIAN SETTINGS.",250000,"2024-06-13","2025-12-12",NA,"UNITED STATES","ASST_NON_720BHA24GR00125_7200","PROJECT GRANT (B)"
"ECR5E2LU5BL6","","GEORGE WASHINGTON UNIVERSITY (THE)","GEORGE WASHINGTON UNIVERSITY (THE)",NA,NA,"WASHINGTON","DC","NEW AWARD TO IMPROVE THE PROVISION OF MENTAL HEALTH AND PSYCHOSOCIAL SUPPORT (MHPSS) SERVICES TO GENDER-  BASED VIOLENCE (GBV) SURVIVORS, BY PUTTING INTO PRACTICE NEW CONSENSUS-BASED GUIDANCE.",1600000,"2024-07-22","2026-07-31",NA,"UNITED STATES","ASST_NON_720BHA24GR00200_7200","PROJECT GRANT (B)"
"FPU6XGFXMBE9","","UNIVERSITY OF NOTRE DAME DU LAC","UNIVERSITY OF NOTRE DAME DU LAC","UNIVERSITY OF NOTRE DAME DU LAC","FPU6XGFXMBE9","NOTRE DAME","IN","AN ASSISTANCE AWARD TO CONDUCT A DEEP-DIVE ON SELECTED LOCAL AND MULTINATIONAL PRIVATE SECTOR   ENGAGEMENTS IN HUMANITARIAN ASSISTANCE TO IDENTIFY OPPORTUNITIES, BARRIERS, AND VALUE-ADDED OF SUCH   ENGAGEMENTS. THE PROJECT SEEKS TO SUPPORT EFFORTS TO PROMOTE EFFECTIVE AND EFFICIENT HUMANITARIAN   ASSISTANCE THAT RESPONDS TO THE NEEDS AND PRIORITIES OF CRISIS-AFFECTED COMMUNITIES, WHILE ALSO BUILDING   LOCAL RESILIENCE AND PROMOTING SUSTAINABLE DEVELOPMENT.",273096,"2024-09-23","2026-03-22",NA,"UNITED STATES","ASST_NON_720BHA24GR00313_7200","PROJECT GRANT (B)"
"PCWWUCWEV363","","BARD COLLEGE","BARD COLLEGE","BARD COLLEGE","PCWWUCWEV363","ANNANDALE ON HUDSON","NY","COMMODITIES PROJECT OF $494,068",494068,"2023-10-01","2025-09-30",NA,"WEST BANK","ASST_NON_720DD122GR00019_7200","PROJECT GRANT (B)"
"ED44Y3W6P7B9","","UNIVERSITY OF ARIZONA","UNIVERSITY OF ARIZONA",NA,NA,"TUCSON","AZ","THE PURPOSE OF THIS AWARD IS TO PROVIDE OFDA WITH SENIOR-LEVEL TECHNICAL EXPERTISE IN ECONOMIC RECOVERY AND MARKET SYSTEMS, HYDROMETEOROLOGICAL HAZARDS, AND HUMANITARIAN COORDINATION AND INFORMATION MANAGEMENT.",7891289,"2020-01-01","2025-12-31",NA,"UNITED STATES","ASST_NON_720FDA20CA00006_7200","COOPERATIVE AGREEMENT (B)"
"HJNQME41NBU4","","WORCESTER POLYTECHNIC INSTITUTE","WORCESTER POLYTECHNIC INSTITUTE","WORCESTER POLYTECHNIC INSTITUTE","HJNQME41NBU4","WORCESTER","MA","CONSTRUCTION AWARD IN THE AMOUNT OF $750,000, INCREMENTALLY FUNDED FOR $650,100",750000,"2018-10-01","2025-03-31",NA,"PARAGUAY","ASST_NON_72ASHA18CA00002_7200","COOPERATIVE AGREEMENT (B)"
"FTMTDMBR29C7","","THE JOHNS HOPKINS UNIVERSITY","JOHNS HOPKINS UNIVERSITY, THE","THE JOHNS HOPKINS UNIVERSITY","FTMTDMBR29C7","BALTIMORE","MD","$1,100,000 TO CONSTRUCT 4 FLOORS OF THE FIRST WING ON THE MAKERERE UNIVERSITY SCHOOL OF PUBLIC HEALTH (MAKSPH) BUILDING TO ACCOMMODATE THE  MAKSPH CENTER OF EXCELLENCE IN GLOBAL HEALTH (MAKCEGH)",1100000,"2020-10-01","2025-12-31",NA,"UGANDA","ASST_NON_72ASHA19CA00004_7200","COOPERATIVE AGREEMENT (B)"
"RN64EPNH8JC6","","UNIVERSITY OF CALIFORNIA, LOS ANGELES","UNIVERSITY OF CALIFORNIA, LOS ANGELES","STATE OF CALIFORNIA CONTROLLERS OFFICE","NUDGYLBB4S99","LOS ANGELES","CA","$458,486.60 COMMODITIES AND CONSTRUCTION AWARD.",458487,"2020-10-01","2025-09-30",NA,"CAMEROON","ASST_NON_72ASHA19CA00005_7200","COOPERATIVE AGREEMENT (B)"
"YRXVL4JYCEF5","","PURDUE UNIVERSITY","PURDUE UNIVERSITY","PURDUE UNIVERSITY","YRXVL4JYCEF5","WEST LAFAYETTE","IN","CONSTRUCTION/RENOVATION AND COMMODITIES PROJECT OF $905,000.00",905000,"2022-10-01","2026-09-30",NA,"KENYA","ASST_NON_72ASHA21CA00004_7200","COOPERATIVE AGREEMENT (B)"
"H1HYA8Z1NTM5","","UNIVERSITY OF KENTUCKY RESEARCH FOUNDATION, THE","UNIVERSITY OF KENTUCKY RESEARCH FOUNDATION, THE","UNIVERSITY OF KENTUCKY","QUKNKLZ4N889","LEXINGTON","KY","CONSTRUCTION/RENOVATION AND COMMODITIES PROJECT OF $421,681.00",421681,"2022-10-01","2026-09-30",NA,"ECUADOR","ASST_NON_72ASHA21CA00012_7200","COOPERATIVE AGREEMENT (B)"
"GNJ8L4Z27U61","","OREGON STATE UNIVERSITY FOUNDATION","OREGON STATE UNIVERSITY FOUNDATION","OREGON STATE UNIVERSITY FOUNDATION","GNJ8L4Z27U61","CORVALLIS","OR","COMMODITIES PROJECT OF $500,000.00",500000,"2022-10-01","2025-09-30",NA,"BOTSWANA","ASST_NON_72ASHA21GR00001_7200","PROJECT GRANT (B)"
"HTQ6K6NJFHA6","","BOARD OF REGENTS OF THE UNIVERSITY OF NEBRASKA","BOARD OF REGENTS OF THE UNIVERSITY OF NEBRASKA","BOARD OF REGENTS OF UNIVERSITY OF NEBRASKA","LF77GRM3FWG5","LINCOLN","NE","COMMODITIES PROJECT OF $300,000.00",300000,"2022-10-01","2025-09-30",NA,"SIERRA LEONE","ASST_NON_72ASHA21GR00003_7200","PROJECT GRANT (B)"
"NNFQH1JAPEP3","","UNIVERSITY OF FLORIDA","UNIVERSITY OF FLORIDA",NA,NA,"GAINESVILLE","FL","THE ACTIVITY SEEKS TO IMPROVE DISEASE RESISTANCE IN CHICKENS THROUGH SELECTIVE BREEDING AND GENOMICS.",1000000,"2024-10-01","2029-09-30",NA,"UNITED STATES","ASST_NON_72REFS24LA00001_7200","COOPERATIVE AGREEMENT (B)"
"FPU6XGFXMBE9","","UNIVERSITY OF NOTRE DAME DU LAC","OFFICE OF RESEARCH","UNIVERSITY OF NOTRE DAME DU LAC","KKBMKNFZ5PJ4","NOTRE DAME","IN","MERLIN - EXPANDING THE REACH OF IMPACT EVALUATION",11145372,"2016-05-17","2025-09-30",NA,"UNITED STATES","ASST_NON_AIDOAAA1600025_7200","COOPERATIVE AGREEMENT (B)"
"WLDGTNCFFJZ3","","BOARD OF REGENTS OF NEVADA SYSTEM OF HIGHER EDUCATION","BOARD OF REGENTS, NSHE, OBO UNIVERSITY OF NEV","STATE OF NEVADA","E2N7LVJCNCW8","RENO","NV","THE WONDERS OF THE MEKONG IN CAMBODIA ACTIVITY SEEKS TO STIMULATE AND INFORM A DISCUSSION OF HOW TO MAKE DEVELOPMENT MORE SUSTAINABLE.",10881925,"2016-09-29","2029-09-30",NA,"CAMBODIA","ASST_NON_AIDOAAA1600057_7200","COOPERATIVE AGREEMENT (B)"
"E2NYLCDML6V1","","MASSACHUSETTS INSTITUTE OF TECHNOLOGY","MIT","MASSACHUSETTS INSTITUTE OF TECHNOLOGY","E2NYLCDML6V1","CAMBRIDGE","MA","THE RECIPIENT WILL DESIGN AND FIELD VALIDATE ULTRA-LOW PRESSURE DRIP IRRIGATION SYSTEMS FOR THE MENA REGION THAT WILL CUT PUMPING ENERGY BY 50% (FOR",7843728,"2016-09-30","2025-09-19",NA,"TUNISIA","ASST_NON_AIDOAAA1600058_7200","COOPERATIVE AGREEMENT (B)"
"FTMTDMBR29C7","","THE JOHNS HOPKINS UNIVERSITY","THE JOHNS HOPKINS UNIVERSITY","JOHNS HOPKINS UNIVERSITY","GS4PNKTRNKL3","BALTIMORE","MD","BREAKTHROUGH ACTION",494213752,"2017-07-21","2025-07-31",NA,"KENYA","ASST_NON_AIDOAAA1700017_7200","COOPERATIVE AGREEMENT (B)"
"NNFQH1JAPEP3","","UNIVERSITY OF FLORIDA","DIVISION OF SPONSORED RESEARCH","BOARD OF GOVERNERS STATE UNIVERSITY SYSTEM OF FLORIDA","D4GCCCMXR1H3","GAINESVILLE","FL","FEED THE FUTURE INNOVATION LAB FOR LIVESTOCK SYSTEMS",34579362,"2015-10-01","2025-09-30",NA,"ETHIOPIA","ASST_NON_AIDOAAL1500003_7200","PROJECT GRANT (B)"
"NNFQH1JAPEP3","","UNIVERSITY OF FLORIDA","UNIVERSITY OF FLORIDA","BOARD OF GOVERNERS STATE UNIVERSITY SYSTEM OF FLORIDA","D4GCCCMXR1H3","GAINESVILLE","FL","LNS KPI DEVELOPMENT PROJECT",946313,"2023-09-14","2025-04-15","2025-04-15 00:00:00","UNITED STATES","CONT_AWD_7200AA23C00105_7200_-NONE-_-NONE-","DEFINITIVE CONTRACT"
"TF2CMKY1HMX9","","GEORGETOWN UNIVERSITY","GEORGETOWN UNIVERSITY","THE GEORGETOWN UNIVERSITY","ZFHYYLPJW7Q1","WASHINGTON","DC","TO ACQUIRE SERVICES FROM GEORGETOWN UNIVERSITY TO TRAIN USAID STAFF TO SERVE AS COACHES IN THE USAID COACHING PROGRAM. THE TOTAL COST IS $367,885.00. PERIOD OF PERFORMANCE: OCTOBER 1, 2023 THROUGH SEPTEMBER 30, 2024.",367885,"2023-09-26","2025-06-30","2025-06-30 00:00:00","UNITED STATES","CONT_AWD_7200AA23P00065_7200_-NONE-_-NONE-","PURCHASE ORDER"
"HJD6G4D6TJY5","","THE LELAND STANFORD JUNIOR UNIVERSITY","THE LELAND STANFORD JUNIOR UNIVERSITY","THE LELAND STANFORD JUNIOR UNIVERSITY","HJD6G4D6TJY5","STANFORD","CA","THE PURPOSE OF THE ONE-YEAR (MARCH 20, 2024-MARCH 19, 2025) LEAD PROGRAM IS TO EQUIP 12 GOAM OFFICIALS AND 1 RELEVANT STAKEHOLDER WITH LEADERSHIP, TECHNICAL AND CHANGE MANAGEMENT SKILLS, AS WELL AS NEW PERSPECTIVES TO PROMOTE PUBLIC ADMINISTRATION RE",244800,"2024-03-19","2025-09-30","2025-09-30 00:00:00","UNITED STATES","CONT_AWD_72011124P00001_7200_-NONE-_-NONE-","PURCHASE ORDER"
"J22LNTMEDP73","","UNIVERSITY OF SOUTH CAROLINA","UNIVERSITY OF SOUTH CAROLINA","UNIVERSITY OF SOUTH CAROLINA","Q93ZDA59ZAR5","COLUMBIA","SC","KOSOVO AND WESTERN BALKANS AREA STUDIES COURSE FOR USAID FOREIGN SERVICE OFFICERS.",0,"2025-01-24","2025-12-20","2025-12-20 00:00:00","KOSOVO","CONT_AWD_72016725P00005_7200_-NONE-_-NONE-","PURCHASE ORDER"
"W4F5GXGBVND3","","DRAPER UNIVERSITY LLC","DRAPER UNIVERSITY LLC","DRAPER UNIVERSITY LLC","W4F5GXGBVND3","SAN MATEO","CA","TO ISSUE A PURCHASE ORDER TRAINING FOR USAID STAFF ON "" EMPOWERING INNOVATION AND ENTREPRENEURSHIP IN THE DEVELOPMENT SECTOR"".  THE TOTAL COST FOR THIS PROGRAM FOR TWO COHORTS IS $300,000, THE FIRST SESSION WILL HAPPEN IN JUNE 2025 AND THE",300000,"2025-01-15","2025-12-30","2025-12-30 00:00:00","INDIA","CONT_AWD_72038625P00005_7200_-NONE-_-NONE-","PURCHASE ORDER"
"Q3KCVK5S9CP1","","FLORIDA INTERNATIONAL UNIVERSITY","FLORIDA INTERNATIONAL UNIVERSITY","BOARD OF GOVERNERS STATE UNIVERSITY SYSTEM OF FLORIDA","D4GCCCMXR1H3","MIAMI","FL","DEIA-M TRAINING SERVICES: CYBERSECURITY CAPACITY STRENGTHENING AND INTEGRATION INTO FOREIGN ASSISTANCE PROGRAMMING",250000,"2023-10-01","2025-03-31","2025-03-31 00:00:00","EL SALVADOR","CONT_AWD_72051923P00009_7200_-NONE-_-NONE-","PURCHASE ORDER"
"EQA8NBEN9WD5","","CORNELL UNIVERSITY","CORNELL UNIVERSITY","CORNELL UNIVERSITY","EQA8NBEN9WD5","ITHACA","NY","PROCUREMENT OF 110 COURSE SEATS AS PART OF THE REGIONAL TRAINING PROGRAM, UNDER THE ECORNELL PLATFORM (GSA CONTRACT NO. GS-02F-170AA).",33249.7,"2024-04-08","2025-10-07","2025-10-07 00:00:00","EL SALVADOR","CONT_AWD_72051924M00001_7200_GS02F170AA_4732","DELIVERY ORDER"
"EQA8NBEN9WD5","","CORNELL UNIVERSITY","CORNELL UNIVERSITY","CORNELL UNIVERSITY","EQA8NBEN9WD5","ITHACA","NY","PROCUREMENT OF 250 COURSE SEATS UNDER THE ECORNELL PLATFORM. GSA CONTRACT NO. GS-02F-170AA.",62972.5,"2024-09-18","2025-09-30","2025-09-30 00:00:00","EL SALVADOR","CONT_AWD_72051924M00002_7200_GS02F170AA_4732","DELIVERY ORDER"
"FTMTDMBR29C7","","THE JOHNS HOPKINS UNIVERSITY","JOHNS HOPKINS UNIVERSITY, THE","THE JOHNS HOPKINS UNIVERSITY","FTMTDMBR29C7","BALTIMORE","MD","THE PURPOSE OF THE TVCA IS TO IDENTIFY AND IMPLEMENT PROVEN, EVIDENCE-BASED VECTOR CONTROL APPROACHES IN TANZANIA. THE TVCA FOCUSES ON INSECTICIDE TREATED BEDNETS (ITNS) THAT INCLUDES DETERMINING THE QUANTITY OF ITNS NEEDED ANNUALLY TO MAINTAIN HIGH",48225209,"2020-07-15","2025-07-14","2025-07-14 00:00:00","TANZANIA","CONT_AWD_72062120C00001_7200_-NONE-_-NONE-","DEFINITIVE CONTRACT"
"MJJXCN1DELJ5","","PRESIDENT AND FELLOWS OF HARVARD COLLEGE","PRESIDENT AND FELLOWS OF HARVARD COLLEGE","PRESIDENT AND FELLOWS OF HARVARD COLLEGE","MJJXCN1DELJ5","CAMBRIDGE","MA","HKS AI TRAINING MSANTAW",11200,"2024-12-16","2025-08-18","2025-08-18 00:00:00","UNITED STATES","CONT_AWD_720SEC25PC00016_7200_-NONE-_-NONE-","PURCHASE ORDER"
"PCFKGNDRA2B4","","WORLD LEARNING INC.","WORLD LEARNING INC.","WORLD LEARNING INC.","LJUHZSS2B3N1","BRATTLEBORO","VT","IGF::OT::IGF::COMMUNITY CONNECTIONS PROGRAM (CCP) IN BELARUS.",5953929,"2017-09-28","2026-03-31","2026-03-31 00:00:00","UNITED STATES","CONT_AWD_AID113C1700001_7200_-NONE-_-NONE-","DEFINITIVE CONTRACT"
